speaker_id,first_name,last_name,chamber,type,party,state,district,bio_guide_id,congress_id
,,A,,,,,,,
,,ABERCROMBE,,,,,,,
2.0,Neil,ABERCROMBIE,HOUSE,REPRESENTATIVE,D,HI,1.0,A000014,107.0
1269.0,Spencer,ABRAHAM,SENATE,SENATOR,R,MI,,A000355,106.0
2244.0,Ralph,ABRAHAM,HOUSE,REPRESENTATIVE,R,LA,5.0,A000374,114.0
4.0,Gary,ACKERMAN,HOUSE,REPRESENTATIVE,D,NY,5.0,A000022,107.0
2201.0,Alma,ADAMS,HOUSE,REPRESENTATIVE,D,NC,12.0,A000370,114.0
2006.0,Sandy,ADAMS,HOUSE,REPRESENTATIVE,R,FL,24.0,A000366,112.0
1460.0,Robert,ADERHOLT,HOUSE,REPRESENTATIVE,R,AL,4.0,A000055,113.0
1935.0,John,ADLER,HOUSE,REPRESENTATIVE,D,NJ,3.0,A000364,111.0
2229.0,Pete,AGUILAR,HOUSE,REPRESENTATIVE,D,CA,31.0,A000371,114.0
7.0,Daniel,AKAKA,SENATE,SENATOR,D,HI,,A000069,107.0
1655.0,W.,AKIN,HOUSE,REPRESENTATIVE,R,MO,2.0,A000358,107.0
1727.0,Rodney,ALEXANDER,HOUSE,REPRESENTATIVE,R,LA,5.0,A000361,112.0
1695.0,Lamar,ALEXANDER,SENATE,SENATOR,R,TN,,A000360,113.0
11.0,Wayne,ALLARD,SENATE,SENATOR,R,CO,,A000109,107.0
13.0,George,ALLEN,SENATE,SENATOR,R,VA,,A000121,107.0
2239.0,Rick,ALLEN,HOUSE,REPRESENTATIVE,R,GA,12.0,A000372,114.0
1461.0,Thomas,ALLEN,HOUSE,REPRESENTATIVE,D,ME,1.0,A000357,107.0
,,ALTIMRE,,,,,,,
1873.0,Jason,ALTMIRE,HOUSE,REPRESENTATIVE,D,PA,4.0,A000362,112.0
,,ALTMORE,,,,,,,
2029.0,Justin,AMASH,HOUSE,REPRESENTATIVE,R,MI,3.0,A000367,113.0
2090.0,Mark,AMODEI,HOUSE,REPRESENTATIVE,R,NV,2.0,A000369,113.0
,,ANDREW,,,,,,,
21.0,Robert,ANDREWS,HOUSE,REPRESENTATIVE,D,NJ,1.0,A000210,107.0
25.0,Douglas,APPLEGATE,HOUSE,,D,OH,,A000214,103.0
26.0,Bill,ARCHER,HOUSE,REPRESENTATIVE,R,TX,7.0,A000215,106.0
1867.0,Michael,ARCURI,HOUSE,REPRESENTATIVE,D,NY,24.0,A000363,110.0
,,AREMY,,,,,,,
28.0,Richard,ARMEY,HOUSE,REPRESENTATIVE,R,TX,26.0,A000217,107.0
,,ARMY,,,,,,,
2350.0,Jodey,ARRINGTON,HOUSE,,R,TX,,A000375,115.0
,,ASCHCROFT,,,,,,,
,,ASCHROFT,,,,,,,
1274.0,John,ASHCROFT,SENATE,SENATOR,R,MO,,A000356,106.0
2257.0,Brad,ASHFORD,HOUSE,REPRESENTATIVE,D,NE,2.0,A000373,114.0
1947.0,Steve,AUSTRIA,HOUSE,REPRESENTATIVE,R,OH,7.0,A000365,112.0
2075.0,Kelly,AYOTTE,SENATE,SENATOR,R,NH,,A000368,113.0
,,B,,,,,,,
2270.0,Brian,BABIN,HOUSE,REPRESENTATIVE,R,TX,36.0,B001291,114.0
1614.0,Joe,BACA,HOUSE,REPRESENTATIVE,D,CA,42.0,B001234,107.0
,,BACERRA,,,,,,,
,,BACH,,,,,,,
1858.0,Michele,BACHMANN,HOUSE,REPRESENTATIVE,R,MN,6.0,B001256,113.0
38.0,Spencer,BACHUS,HOUSE,REPRESENTATIVE,R,AL,6.0,B000013,113.0
2337.0,Don,BACON,HOUSE,,R,NE,,B001298,115.0
,,BACUS,,,,,,,
41.0,Scotty,BAESLER,HOUSE,REPRESENTATIVE,D,KY,6.0,B000028,105.0
1557.0,Brian,BAIRD,HOUSE,REPRESENTATIVE,D,WA,3.0,B001229,107.0
47.0,Richard,BAKER,HOUSE,REPRESENTATIVE,R,LA,6.0,B000072,107.0
48.0,John,BALDACCI,HOUSE,REPRESENTATIVE,D,ME,2.0,B000081,107.0
1558.0,Tammy,BALDWIN,SENATE,SENATOR,D,WI,,B001230,113.0
1734.0,Frank,BALLANCE,HOUSE,,D,NC,,B001238,108.0
,,BALLANGER,,,,,,,
50.0,Cass,BALLENGER,HOUSE,REPRESENTATIVE,R,NC,10.0,B000104,107.0
2326.0,Jim,BANKS,HOUSE,,R,IN,,B001299,115.0
2093.0,Ron,BARBER,HOUSE,REPRESENTATIVE,D,AZ,2.0,B001279,113.0
51.0,Peter,BARCA,HOUSE,,D,WI,,B001226,103.0
52.0,James,BARCIA,HOUSE,REPRESENTATIVE,D,MI,5.0,B000134,107.0
2054.0,Lou,BARLETTA,HOUSE,REPRESENTATIVE,R,PA,11.0,B001269,113.0
53.0,Tom,BARLOW,HOUSE,,D,KY,,B000151,103.0
56.0,Bob,BARR,HOUSE,REPRESENTATIVE,R,GA,7.0,B000169,107.0
2131.0,Andy,BARR,HOUSE,REPRESENTATIVE,R,KY,6.0,B001282,113.0
2311.0,Nanette,BARRAGAN,HOUSE,,D,CA,,B001300,115.0
1881.0,John,BARRASSO,SENATE,SENATOR,R,WY,,B001261,113.0
1745.0,J.,BARRETT,HOUSE,REPRESENTATIVE,R,SC,3.0,B001239,110.0
58.0,Thomas,BARRETT,HOUSE,REPRESENTATIVE,D,WI,5.0,B000177,107.0
57.0,Bill,BARRETT,HOUSE,REPRESENTATIVE,R,NE,3.0,B000179,106.0
1780.0,John,BARROW,HOUSE,REPRESENTATIVE,D,GA,12.0,B001252,113.0
60.0,Roscoe,BARTLETT,HOUSE,REPRESENTATIVE,R,MD,6.0,B000208,107.0
62.0,Joe,BARTON,HOUSE,REPRESENTATIVE,R,TX,6.0,B000213,113.0
1996.0,Karen,BASS,HOUSE,REPRESENTATIVE,D,CA,37.0,B001270,113.0
63.0,Charles,BASS,HOUSE,REPRESENTATIVE,R,NH,2.0,B000220,107.0
64.0,Herbert,BATEMAN,HOUSE,REPRESENTATIVE,R,VA,1.0,B000229,106.0
66.0,Max,BAUCUS,SENATE,SENATOR,D,MT,,B000243,107.0
1572.0,Evan,BAYH,SENATE,SENATOR,D,IN,,B001233,107.0
1782.0,Melissa,BEAN,HOUSE,REPRESENTATIVE,D,IL,8.0,B001253,110.0
2153.0,Joyce,BEATTY,HOUSE,REPRESENTATIVE,D,OH,3.0,B001281,113.0
1712.0,Bob,BEAUPREZ,HOUSE,REPRESENTATIVE,R,CO,7.0,B001240,108.0
70.0,Xavier,BECERRA,HOUSE,REPRESENTATIVE,D,CA,34.0,B000287,113.0
1898.0,Mark,BEGICH,SENATE,SENATOR,D,AK,,B001265,113.0
,,BEILENSION,,,,,,,
72.0,Anthony,BEILENSON,HOUSE,,D,CA,,B000318,103.0
,,BEILSENSON,,,,,,,
1750.0,Chris,BELL,HOUSE,REPRESENTATIVE,D,TX,25.0,B001241,108.0
2027.0,Dan,BENISHEK,HOUSE,REPRESENTATIVE,R,MI,1.0,B001271,113.0
1965.0,Michael,BENNET,SENATE,SENATOR,D,CO,,B001267,113.0
1280.0,Robert,BENNETT,SENATE,SENATOR,R,UT,,B000382,107.0
,,BENSTEN,,,,,,,
2135.0,Kerry,BENTIVOLIO,HOUSE,REPRESENTATIVE,R,MI,11.0,B001280,113.0
78.0,Helen,BENTLEY,HOUSE,,R,MD,,B000392,103.0
79.0,Ken,BENTSEN,HOUSE,REPRESENTATIVE,D,TX,25.0,B000400,107.0
,,BEOHLERT,,,,,,,
2102.0,Ami,BERA,HOUSE,REPRESENTATIVE,D,CA,7.0,B001287,113.0
,,BERCERRA,,,,,,,
80.0,Doug,BEREUTER,HOUSE,REPRESENTATIVE,R,NE,1.0,B000403,107.0
2037.0,Rick,BERG,HOUSE,REPRESENTATIVE,R,ND,0.0,B001272,112.0
2333.0,Jack,BERGMAN,HOUSE,,R,MI,,B001301,115.0
1576.0,Shelley,BERKLEY,HOUSE,REPRESENTATIVE,D,NV,1.0,B001231,107.0
82.0,Howard,BERMAN,HOUSE,REPRESENTATIVE,D,CA,26.0,B000410,107.0
1462.0,Marion,BERRY,HOUSE,REPRESENTATIVE,D,AR,1.0,B000420,107.0
,,BEUTLER,,,,,,,
84.0,Tom,BEVILL,HOUSE,,D,AL,,B000431,103.0
,,BEVILLE,,,,,,,
2272.0,Donald,BEYER,HOUSE,REPRESENTATIVE,D,VA,8.0,B001292,114.0
1284.0,Joseph,BIDEN,SENATE,SENATOR,D,DE,,B000444,107.0
1577.0,Judy,BIGGERT,HOUSE,REPRESENTATIVE,R,IL,13.0,B001232,107.0
2307.0,Andy,BIGGS,HOUSE,,R,AZ,,B001302,115.0
,,BILBBRAY,,,,,,,
87.0,Brian,BILBRAY,HOUSE,REPRESENTATIVE,R,CA,49.0,B000461,106.0
,,BILILEY,,,,,,,
1838.0,Gus,BILIRAKIS,HOUSE,REPRESENTATIVE,R,FL,12.0,B001257,113.0
89.0,Michael,BILIRAKIS,HOUSE,REPRESENTATIVE,R,FL,9.0,B000463,107.0
1285.0,Jeff,BINGAMAN,SENATE,SENATOR,D,NM,,B000468,107.0
,,BINGMAN,,,,,,,
1740.0,Timothy,BISHOP,HOUSE,REPRESENTATIVE,D,NY,1.0,B001242,113.0
2249.0,Mike,BISHOP,HOUSE,REPRESENTATIVE,R,MI,8.0,B001293,114.0
91.0,Sanford,BISHOP,HOUSE,REPRESENTATIVE,D,GA,2.0,B000490,113.0
1753.0,Rob,BISHOP,HOUSE,REPRESENTATIVE,R,UT,1.0,B001250,113.0
2063.0,Diane,BLACK,HOUSE,REPRESENTATIVE,R,TN,6.0,B001273,113.0
1748.0,Marsha,BLACKBURN,HOUSE,REPRESENTATIVE,R,TN,7.0,B001243,113.0
93.0,Lucien,BLACKWELL,HOUSE,,D,PA,,B000517,103.0
1463.0,Rod,BLAGOJEVICH,HOUSE,REPRESENTATIVE,D,IL,5.0,B000518,107.0
,,BLIILEY,,,,,,,
97.0,Tom,BLILEY,HOUSE,REPRESENTATIVE,R,VA,7.0,B000556,106.0
2241.0,Rod,BLUM,HOUSE,REPRESENTATIVE,R,IA,1.0,B001294,114.0
,,BLUMBENAUER,,,,,,,
99.0,Earl,BLUMENAUER,HOUSE,REPRESENTATIVE,D,OR,3.0,B000574,113.0
,,BLUMENSUER,,,,,,,
2076.0,Richard,BLUMENTHAL,SENATE,SENATOR,D,CT,,B001277,113.0
1464.0,Roy,BLUNT,SENATE,SENATOR,R,MO,,B000575,113.0
100.0,Peter,BLUTE,HOUSE,,R,MA,,B000576,103.0
1949.0,John,BOCCIERI,HOUSE,REPRESENTATIVE,D,OH,16.0,B001263,111.0
101.0,Sherwood,BOEHLERT,HOUSE,REPRESENTATIVE,R,NY,23.0,B000586,107.0
102.0,John,BOEHNER,HOUSE,REPRESENTATIVE,R,OH,8.0,B000589,113.0
,,BOELERT,,,,,,,
,,BOGGS,,,,,,,
2092.0,Suzanne,BONAMICI,HOUSE,REPRESENTATIVE,D,OR,1.0,B001278,113.0
1286.0,Christopher,BOND,SENATE,SENATOR,R,MO,,B000611,107.0
,,BONDS,,,,,,,
107.0,Henry,BONILLA,HOUSE,REPRESENTATIVE,R,TX,23.0,B000617,106.0
,,BONIO,,,,,,,
108.0,David,BONIOR,HOUSE,REPRESENTATIVE,D,MI,10.0,B000619,107.0
1703.0,Jo,BONNER,HOUSE,REPRESENTATIVE,R,AL,1.0,B001244,112.0
110.0,Sonny,BONO,HOUSE,REPRESENTATIVE,R,CA,44.0,B000622,105.0
1465.0,Mary,BONO MACK,HOUSE,REPRESENTATIVE,R,CA,44.0,B001228,106.0
,,BONOIR,,,,,,,
2194.0,Cory,BOOKER,SENATE,SENATOR,D,NJ,,B001288,113.0
1687.0,John,BOOZMAN,SENATE,SENATOR,R,AR,,B001236,113.0
1723.0,Madeleine,BORDALLO,HOUSE,,D,GU,,B001245,115.0
1796.0,Dan,BOREN,HOUSE,REPRESENTATIVE,D,OK,2.0,B001254,112.0
,,BORKSI,,,,,,,
111.0,Robert,BORSKI,HOUSE,REPRESENTATIVE,D,PA,3.0,B000644,107.0
2243.0,Mike,BOST,HOUSE,REPRESENTATIVE,R,IL,12.0,B001295,114.0
1466.0,Leonard,BOSWELL,HOUSE,REPRESENTATIVE,D,IA,3.0,B000652,107.0
113.0,Rick,BOUCHER,HOUSE,REPRESENTATIVE,D,VA,9.0,B000657,107.0
1787.0,Charles,BOUSTANY,HOUSE,REPRESENTATIVE,R,LA,3.0,B001255,113.0
116.0,Barbara,BOXER,SENATE,SENATOR,D,CA,,B000711,113.0
1467.0,Allen,BOYD,HOUSE,REPRESENTATIVE,D,FL,2.0,B000716,107.0
1852.0,Nancy,BOYDA,HOUSE,REPRESENTATIVE,D,KS,2.0,B001258,110.0
2267.0,Brendan,BOYLE,HOUSE,REPRESENTATIVE,D,PA,13.0,B001296,114.0
1736.0,Jeb,BRADLEY,HOUSE,REPRESENTATIVE,R,NH,1.0,B001246,108.0
1469.0,Robert,BRADY,HOUSE,REPRESENTATIVE,D,PA,1.0,B001227,113.0
1468.0,Kevin,BRADY,HOUSE,REPRESENTATIVE,R,TX,8.0,B000755,113.0
1845.0,Bruce,BRALEY,HOUSE,REPRESENTATIVE,D,IA,1.0,B001259,113.0
2203.0,Dave,BRAT,HOUSE,REPRESENTATIVE,R,VA,7.0,B001290,114.0
120.0,John,BREAUX,SENATE,SENATOR,D,LA,,B000780,107.0
,,BREAVY,,,,,,,
123.0,Bill,BREWSTER,HOUSE,,D,OK,,B000817,103.0
2155.0,Jim,BRIDENSTINE,HOUSE,REPRESENTATIVE,R,OK,1.0,B001283,113.0
1905.0,Bobby,BRIGHT,HOUSE,REPRESENTATIVE,D,AL,2.0,B001264,111.0
127.0,Jack,BROOKS,HOUSE,,D,TX,,B000880,103.0
1987.0,Mo,BROOKS,HOUSE,REPRESENTATIVE,R,AL,5.0,B001274,113.0
2129.0,Susan,BROOKS,HOUSE,REPRESENTATIVE,R,IN,5.0,B001284,113.0
1882.0,Paul,BROUN,HOUSE,REPRESENTATIVE,R,GA,10.0,B001262,113.0
130.0,Glen,BROWDER,HOUSE,,D,AL,,B000897,103.0
1975.0,Scott,BROWN,SENATE,SENATOR,R,MA,,B001268,112.0
1669.0,Henry,BROWN,HOUSE,REPRESENTATIVE,R,SC,1.0,B001235,107.0
132.0,Corrine,BROWN,HOUSE,REPRESENTATIVE,D,FL,5.0,B000911,113.0
134.0,George,BROWN,HOUSE,REPRESENTATIVE,D,CA,42.0,B000918,105.0
136.0,Sherrod,BROWN,SENATE,SENATOR,D,OH,,B000944,113.0
135.0,Hank,BROWN,SENATE,,R,CO,,B000919,103.0
1713.0,Ginny,BROWN-WAITE,HOUSE,REPRESENTATIVE,R,FL,5.0,B001247,110.0
137.0,Sam,BROWNBACK,SENATE,SENATOR,R,KS,,B000953,107.0
2106.0,Julia,BROWNLEY,HOUSE,REPRESENTATIVE,D,CA,26.0,B001285,113.0
1293.0,Richard,BRYAN,SENATE,SENATOR,D,NV,,B000993,106.0
141.0,Ed,BRYANT,HOUSE,REPRESENTATIVE,R,TN,7.0,B000996,107.0
1840.0,Vern,BUCHANAN,HOUSE,REPRESENTATIVE,R,FL,16.0,B001260,113.0
2233.0,Ken,BUCK,HOUSE,REPRESENTATIVE,R,CO,4.0,B001297,114.0
2018.0,Larry,BUCSHON,HOUSE,REPRESENTATIVE,R,IN,8.0,B001275,113.0
2336.0,Ted,BUDD,HOUSE,,R,NC,,B001305,115.0
,,BUECHNER,,,,,,,
2045.0,Ann,BUERKLE,HOUSE,REPRESENTATIVE,R,NY,25.0,B001276,112.0
1295.0,Dale,BUMPERS,SENATE,SENATOR,D,AR,,B001057,105.0
145.0,Jim,BUNN,HOUSE,,R,OR,,B001063,104.0
146.0,Jim,BUNNING,SENATE,SENATOR,R,KY,,B001066,107.0
1751.0,Michael,BURGESS,HOUSE,REPRESENTATIVE,R,TX,26.0,B001248,113.0
1721.0,Max,BURNS,HOUSE,REPRESENTATIVE,R,GA,12.0,B001249,108.0
1298.0,Conrad,BURNS,SENATE,SENATOR,R,MT,,B001126,107.0
153.0,Richard,BURR,SENATE,SENATOR,R,NC,,B001135,113.0
1963.0,Roland,BURRIS,SENATE,SENATOR,D,IL,,B001266,111.0
,,BURRRIS,,,,,,,
154.0,Dan,BURTON,HOUSE,REPRESENTATIVE,R,IN,6.0,B001149,107.0
2127.0,Cheri,BUSTOS,HOUSE,REPRESENTATIVE,D,IL,17.0,B001286,113.0
1761.0,G.,BUTTERFIELD,HOUSE,REPRESENTATIVE,D,NC,1.0,B001251,113.0
,,BUTTERWORTH,,,,,,,
160.0,Steve,BUYER,HOUSE,REPRESENTATIVE,R,IN,5.0,B001203,107.0
1299.0,Robert,BYRD,SENATE,SENATOR,D,WV,,B001210,107.0
2197.0,Bradley,BYRNE,HOUSE,REPRESENTATIVE,R,AL,1.0,B001289,113.0
,,BYRON,,,,,,,
,,C,,,,,,,
,,CAARDENAS,,,,,,,
,,CAIN,,,,,,,
164.0,Sonny,CALLAHAN,HOUSE,REPRESENTATIVE,R,AL,1.0,C000052,107.0
165.0,Ken,CALVERT,HOUSE,REPRESENTATIVE,R,CA,42.0,C000059,113.0
166.0,Dave,CAMP,HOUSE,REPRESENTATIVE,R,MI,4.0,C000071,113.0
1816.0,John,CAMPBELL,HOUSE,REPRESENTATIVE,R,CA,45.0,C001064,113.0
170.0,Tom,CAMPBELL,HOUSE,REPRESENTATIVE,R,CA,15.0,C000100,106.0
168.0,Ben,CAMPBELL,SENATE,SENATOR,R,CO,,C000077,107.0
,,CAMPELL,,,,,,,
171.0,Charles,CANADY,HOUSE,REPRESENTATIVE,R,FL,12.0,C000107,106.0
1470.0,Chris,CANNON,HOUSE,REPRESENTATIVE,R,UT,3.0,C000116,107.0
2066.0,Francisco,CANSECO,HOUSE,REPRESENTATIVE,R,TX,23.0,C001082,112.0
,,CANTON,,,,,,,
1674.0,Eric,CANTOR,HOUSE,REPRESENTATIVE,R,VA,7.0,C001046,113.0
172.0,Maria,CANTWELL,SENATE,SENATOR,D,WA,,C000127,113.0
1923.0,Anh,CAO,HOUSE,REPRESENTATIVE,R,LA,2.0,C001079,111.0
1676.0,Shelley,CAPITO,HOUSE,REPRESENTATIVE,R,WV,2.0,C001047,113.0
,,CAPITOL,,,,,,,
,,CAPO,,,,,,,
1471.0,Lois,CAPPS,HOUSE,REPRESENTATIVE,D,CA,24.0,C001036,113.0
1472.0,Walter,CAPPS,HOUSE,REPRESENTATIVE,D,CA,22.0,C000134,105.0
1564.0,Michael,CAPUANO,HOUSE,REPRESENTATIVE,D,MA,7.0,C001037,113.0
2310.0,Salud,CARBAJAL,HOUSE,,D,CA,,C001112,115.0
2107.0,Tony,CARDENAS,HOUSE,REPRESENTATIVE,D,CA,29.0,C001097,113.0
174.0,Benjamin,CARDIN,SENATE,SENATOR,D,MD,,C000141,113.0
1709.0,Dennis,CARDOZA,HOUSE,REPRESENTATIVE,D,CA,18.0,C001050,112.0
1680.0,Jean,CARNAHAN,SENATE,SENATOR,D,MO,,C001043,107.0
1789.0,Russ,CARNAHAN,HOUSE,REPRESENTATIVE,D,MO,3.0,C001060,112.0
1876.0,Christopher,CARNEY,HOUSE,REPRESENTATIVE,D,PA,10.0,C001065,110.0
1999.0,John,CARNEY,HOUSE,REPRESENTATIVE,D,DE,0.0,C001083,113.0
179.0,Thomas,CARPER,SENATE,SENATOR,D,DE,,C000174,113.0
,,CARPO,,,,,,,
180.0,Bob,CARR,HOUSE,,D,MI,,C000178,103.0
1473.0,Julia,CARSON,HOUSE,REPRESENTATIVE,D,IN,10.0,C000191,107.0
1665.0,Brad,CARSON,HOUSE,REPRESENTATIVE,D,OK,2.0,C001044,107.0
1889.0,Andre,CARSON,HOUSE,REPRESENTATIVE,D,IN,7.0,C001072,113.0
1752.0,John,CARTER,HOUSE,REPRESENTATIVE,R,TX,31.0,C001051,113.0
2159.0,Matt,CARTWRIGHT,HOUSE,REPRESENTATIVE,D,PA,17.0,C001090,113.0
1693.0,Ed,CASE,HOUSE,REPRESENTATIVE,D,HI,2.0,C001055,108.0
1828.0,Robert,CASEY,SENATE,SENATOR,D,PA,,C001070,113.0
1925.0,Bill,CASSIDY,HOUSE,REPRESENTATIVE,R,LA,6.0,C001075,113.0
183.0,Michael,CASTLE,HOUSE,REPRESENTATIVE,R,DE,0.0,C000243,107.0
1839.0,Kathy,CASTOR,HOUSE,REPRESENTATIVE,D,FL,13.0,C001066,113.0
2163.0,Joaquin,CASTRO,HOUSE,REPRESENTATIVE,D,TX,20.0,C001091,113.0
1891.0,Donald,CAZAYOUX,HOUSE,,D,LA,,C001073,110.0
186.0,Steve,CHABOT,HOUSE,REPRESENTATIVE,R,OH,1.0,C000266,113.0
1612.0,Lincoln,CHAFEE,SENATE,SENATOR,R,RI,,C001040,107.0
1303.0,John,CHAFEE,SENATE,SENATOR,R,RI,,C000269,105.0
,,CHAFFEE,,,,,,,
1956.0,Jason,CHAFFETZ,HOUSE,REPRESENTATIVE,R,UT,3.0,C001076,113.0
,,CHAIR,,,,,,,
,,CHAIRMAN,,,,,,,
,,CHAMBLIS,,,,,,,
188.0,Saxby,CHAMBLISS,SENATE,SENATOR,R,GA,,C000286,113.0
1759.0,Ben,CHANDLER,HOUSE,REPRESENTATIVE,D,KY,6.0,C001058,112.0
190.0,Jim,CHAPMAN,HOUSE,,D,TX,,C000312,103.0
2356.0,Liz,CHENEY,HOUSE,,R,WY,,C001109,115.0
,,CHENOWETH,,,,,,,
194.0,Helen,CHENOWETH-HAGE,HOUSE,REPRESENTATIVE,R,ID,1.0,C000345,106.0
2192.0,Jeff,CHIESA,SENATE,,R,NJ,,C001100,113.0
1893.0,Travis,CHILDERS,HOUSE,REPRESENTATIVE,D,MS,1.0,C001074,111.0
,,CHISTENSEN,,,,,,,
1726.0,Chris,CHOCOLA,HOUSE,REPRESENTATIVE,R,IN,2.0,C001052,108.0
196.0,Jon,CHRISTENSEN,HOUSE,REPRESENTATIVE,R,NE,2.0,C000377,105.0
,,CHRISTIANSEN,,,,,,,
197.0,Dick,CHRYSLER,HOUSE,,R,MI,,C000385,104.0
1970.0,Judy,CHU,HOUSE,REPRESENTATIVE,D,CA,27.0,C001080,113.0
,,CICCILINE,,,,,,,
2055.0,David,CICILLINE,HOUSE,REPRESENTATIVE,D,RI,1.0,C001084,113.0
,,CICILLLINE,,,,,,,
2196.0,Katherine,CLARK,HOUSE,REPRESENTATIVE,D,MA,5.0,C001101,113.0
1864.0,Yvette,CLARKE,HOUSE,REPRESENTATIVE,D,NY,9.0,C001067,113.0
2030.0,Hansen,CLARKE,HOUSE,REPRESENTATIVE,D,MI,13.0,C001085,112.0
2200.0,Curt,CLAWSON,HOUSE,REPRESENTATIVE,R,FL,19.0,C001102,114.0
203.0,William,CLAY,HOUSE,REPRESENTATIVE,D,MO,1.0,C000488,106.0
1654.0,Wm.,CLAY,HOUSE,REPRESENTATIVE,D,MO,1.0,C001049,113.0
,,CLAYBURN,,,,,,,
204.0,Eva,CLAYTON,HOUSE,REPRESENTATIVE,D,NC,1.0,C000494,107.0
1790.0,Emanuel,CLEAVER,HOUSE,,D,MO,,C001061,115.0
1540.0,Max,CLELAND,SENATE,SENATOR,D,GA,,C001034,107.0
205.0,Bob,CLEMENT,HOUSE,REPRESENTATIVE,D,TN,5.0,C000503,107.0
207.0,William,CLINGER,HOUSE,,R,PA,,C000523,103.0
1631.0,Hillary,CLINTON,SENATE,SENATOR,D,NY,,C001041,107.0
208.0,James,CLYBURN,HOUSE,REPRESENTATIVE,D,SC,6.0,C000537,113.0
209.0,Daniel,COATS,SENATE,SENATOR,R,IN,,C000542,113.0
211.0,Howard,COBLE,HOUSE,REPRESENTATIVE,R,NC,6.0,C000556,113.0
212.0,Tom,COBURN,SENATE,SENATOR,R,OK,,C000560,113.0
,,COCHARN,,,,,,,
213.0,Thad,COCHRAN,SENATE,SENATOR,R,MS,,C000567,113.0
1912.0,Mike,COFFMAN,HOUSE,REPRESENTATIVE,R,CO,6.0,C001077,113.0
1878.0,Steve,COHEN,HOUSE,,D,TN,,C001068,115.0
1742.0,Tom,COLE,HOUSE,REPRESENTATIVE,R,OK,4.0,C001053,113.0
1697.0,Norm,COLEMAN,SENATE,SENATOR,R,MN,,C001057,110.0
2151.0,Chris,COLLINS,HOUSE,REPRESENTATIVE,R,NY,27.0,C001092,113.0
2121.0,Doug,COLLINS,HOUSE,REPRESENTATIVE,R,GA,9.0,C001093,113.0
222.0,Mac,COLLINS,HOUSE,REPRESENTATIVE,R,GA,3.0,C000640,107.0
1541.0,Susan,COLLINS,SENATE,SENATOR,R,ME,,C001035,113.0
,,COLLLINS,,,,,,,
224.0,Larry,COMBEST,HOUSE,REPRESENTATIVE,R,TX,19.0,C000653,107.0
2297.0,James,COMER,HOUSE,,R,KY,,C001108,115.0
2273.0,Barbara,COMSTOCK,HOUSE,REPRESENTATIVE,R,VA,10.0,C001105,114.0
1805.0,K.,CONAWAY,HOUSE,REPRESENTATIVE,R,TX,11.0,C001062,113.0
226.0,Gary,CONDIT,HOUSE,REPRESENTATIVE,D,CA,18.0,C000670,107.0
,,CONNELLY,,,,,,,
1959.0,Gerald,CONNOLLY,HOUSE,REPRESENTATIVE,D,VA,11.0,C001078,113.0
1307.0,Kent,CONRAD,SENATE,SENATOR,D,ND,,C000705,107.0
229.0,John,CONYERS,HOUSE,REPRESENTATIVE,D,MI,13.0,C000714,113.0
1475.0,Merrill,COOK,HOUSE,REPRESENTATIVE,R,UT,2.0,C000722,106.0
2103.0,Paul,COOK,HOUSE,REPRESENTATIVE,R,CA,8.0,C001094,113.0
1476.0,John,COOKSEY,HOUSE,REPRESENTATIVE,R,LA,5.0,C000735,107.0
230.0,Wes,COOLEY,HOUSE,,R,OR,,C000737,104.0
1984.0,Christopher,COONS,SENATE,SENATOR,D,DE,,C001088,113.0
231.0,Jim,COOPER,HOUSE,REPRESENTATIVE,D,TN,5.0,C000754,113.0
232.0,Sam,COPPERSMITH,HOUSE,,D,AZ,,C000767,103.0
,,CORDOZA,,,,,,,
,,CORIZINE,,,,,,,
1825.0,Bob,CORKER,SENATE,SENATOR,R,TN,,C001071,113.0
,,CORNY,,,,,,,
1692.0,John,CORNYN,SENATE,SENATOR,R,TX,,C001056,113.0
2312.0,J.,CORREA,HOUSE,,D,CA,,C001110,115.0
1630.0,Jon,CORZINE,SENATE,SENATOR,D,NJ,,C001042,107.0
1774.0,Jim,COSTA,HOUSE,REPRESENTATIVE,D,CA,16.0,C001059,113.0
238.0,Jerry,COSTELLO,HOUSE,REPRESENTATIVE,D,IL,12.0,C000794,107.0
2266.0,Ryan,COSTELLO,HOUSE,REPRESENTATIVE,R,PA,6.0,C001106,114.0
2098.0,Tom,COTTON,HOUSE,REPRESENTATIVE,R,AR,4.0,C001095,113.0
1836.0,Joe,COURTNEY,HOUSE,REPRESENTATIVE,D,CT,2.0,C001069,113.0
1310.0,Paul,COVERDELL,SENATE,,R,GA,,C000813,103.0
242.0,Christopher,COX,HOUSE,REPRESENTATIVE,R,CA,47.0,C000830,107.0
245.0,William,COYNE,HOUSE,REPRESENTATIVE,D,PA,14.0,C000846,107.0
246.0,Larry,CRAIG,SENATE,SENATOR,R,ID,,C000858,107.0
2144.0,Kevin,CRAMER,HOUSE,REPRESENTATIVE,R,ND,0.0,C001096,113.0
247.0,Robert,CRAMER,HOUSE,REPRESENTATIVE,D,AL,5.0,C000868,107.0
249.0,Philip,CRANE,HOUSE,REPRESENTATIVE,R,IL,8.0,C000873,107.0
250.0,Mike,CRAPO,SENATE,SENATOR,R,ID,,C000880,113.0
2031.0,Chip,CRAVAACK,HOUSE,REPRESENTATIVE,R,MN,8.0,C001086,112.0
,,CRAVAAK,,,,,,,
1989.0,Eric,CRAWFORD,HOUSE,REPRESENTATIVE,R,AR,1.0,C001087,113.0
,,CRAWLEY,,,,,,,
251.0,Frank,CREMEANS,HOUSE,,R,OH,,C000903,104.0
1643.0,Ander,CRENSHAW,HOUSE,REPRESENTATIVE,R,FL,4.0,C001045,113.0
2321.0,Charlie,CRIST,HOUSE,,D,FL,,C001111,115.0
1977.0,Mark,CRITZ,HOUSE,REPRESENTATIVE,D,PA,12.0,C001081,112.0
1604.0,Joseph,CROWLEY,HOUSE,REPRESENTATIVE,D,NY,14.0,C001038,113.0
2175.0,Ted,CRUZ,SENATE,SENATOR,R,TX,,C001098,113.0
254.0,Barbara,CUBIN,HOUSE,REPRESENTATIVE,R,WY,0.0,C000962,107.0
1807.0,Henry,CUELLAR,HOUSE,REPRESENTATIVE,D,TX,28.0,C001063,113.0
1670.0,John,CULBERSON,HOUSE,REPRESENTATIVE,R,TX,7.0,C001048,113.0
,,CUMMINGHAM,,,,,,,
256.0,Elijah,CUMMINGS,HOUSE,REPRESENTATIVE,D,MD,7.0,C000984,113.0
258.0,Randy,CUNNINGHAM,HOUSE,REPRESENTATIVE,R,CA,51.0,C000994,107.0
2235.0,Carlos,CURBELO,HOUSE,REPRESENTATIVE,R,FL,26.0,C001107,114.0
,,CURSON,,,,,,,
2363.0,John,CURTIS,HOUSE,,R,UT,,C001114,115.0
,,D,,,,,,,
1313.0,Alfonse,D'AMATO,SENATE,SENATOR,R,NY,,D000018,105.0
1951.0,Kathleen,DAHLKEMPER,HOUSE,REPRESENTATIVE,D,PA,3.0,D000608,111.0
2138.0,Steve,DAINES,HOUSE,REPRESENTATIVE,R,MT,0.0,D000618,113.0
1314.0,John,DANFORTH,SENATE,,R,MO,,D000030,103.0
,,DANIEL,,,,,,,
265.0,Pat,DANNER,HOUSE,REPRESENTATIVE,D,MO,6.0,D000046,106.0
266.0,George,DARDEN,HOUSE,,D,GA,,D000051,103.0
267.0,Thomas,DASCHLE,SENATE,SENATOR,D,SD,,D000064,107.0
2296.0,Warren,DAVIDSON,HOUSE,,R,OH,,D000626,115.0
1478.0,Jim,DAVIS,HOUSE,REPRESENTATIVE,D,FL,11.0,D000114,107.0
1784.0,Geoff,DAVIS,HOUSE,REPRESENTATIVE,R,KY,4.0,D000603,112.0
1641.0,Susan,DAVIS,HOUSE,REPRESENTATIVE,D,CA,53.0,D000598,113.0
1477.0,Danny,DAVIS,HOUSE,REPRESENTATIVE,D,IL,7.0,D000096,113.0
274.0,Tom,DAVIS,HOUSE,REPRESENTATIVE,R,VA,11.0,D000136,107.0
1672.0,Jo,DAVIS,HOUSE,REPRESENTATIVE,R,VA,1.0,D000597,107.0
2126.0,Rodney,DAVIS,HOUSE,REPRESENTATIVE,R,IL,13.0,D000619,113.0
1747.0,Lincoln,DAVIS,HOUSE,REPRESENTATIVE,D,TN,4.0,D000599,110.0
1877.0,David,DAVIS,HOUSE,REPRESENTATIVE,R,TN,1.0,D000606,110.0
1705.0,Artur,DAVIS,HOUSE,REPRESENTATIVE,D,AL,7.0,D000602,110.0
1629.0,Mark,DAYTON,SENATE,SENATOR,D,MN,,D000596,107.0
277.0,Nathan,DEAL,HOUSE,REPRESENTATIVE,R,GA,9.0,D000168,107.0
1315.0,Dennis,DECONCINI,SENATE,,D,AZ,,D000185,103.0
279.0,Peter,DEFAZIO,HOUSE,REPRESENTATIVE,D,OR,4.0,D000191,113.0
1479.0,Diana,DEGETTE,HOUSE,REPRESENTATIVE,D,CO,1.0,D000197,113.0
1480.0,Bill,DELAHUNT,HOUSE,REPRESENTATIVE,D,MA,10.0,D000210,107.0
2133.0,John,DELANEY,HOUSE,REPRESENTATIVE,D,MD,6.0,D000620,113.0
281.0,Rosa,DELAURO,HOUSE,REPRESENTATIVE,D,CT,3.0,D000216,113.0
,,DELAUTO,,,,,,,
282.0,Tom,DELAY,HOUSE,REPRESENTATIVE,R,TX,22.0,D000217,107.0
2096.0,Suzan,DELBENE,HOUSE,REPRESENTATIVE,D,WA,1.0,D000617,113.0
,,DELLINGER,,,,,,,
284.0,Ronald,DELLUMS,HOUSE,REPRESENTATIVE,D,CA,9.0,D000222,105.0
2320.0,Val,DEMINGS,HOUSE,,D,FL,,D000627,115.0
1605.0,Jim,DEMINT,HOUSE,REPRESENTATIVE,R,SC,4.0,D000595,107.0
1995.0,Jeff,DENHAM,HOUSE,REPRESENTATIVE,R,CA,10.0,D000612,113.0
1799.0,Charles,DENT,HOUSE,REPRESENTATIVE,R,PA,15.0,D000604,113.0
289.0,Butler,DERRICK,HOUSE,,D,SC,,D000267,103.0
2116.0,Ron,DESANTIS,HOUSE,REPRESENTATIVE,R,FL,6.0,D000621,113.0
2227.0,Mark,DESAULNIER,HOUSE,REPRESENTATIVE,D,CA,11.0,D000623,114.0
2062.0,Scott,DESJARLAIS,HOUSE,REPRESENTATIVE,R,TN,4.0,D000616,113.0
1976.0,Theodore,DEUTCH,HOUSE,REPRESENTATIVE,D,FL,21.0,D000610,113.0
291.0,Peter,DEUTSCH,HOUSE,REPRESENTATIVE,D,FL,20.0,D000275,107.0
293.0,Mike,DEWINE,SENATE,SENATOR,R,OH,,D000294,107.0
1717.0,Mario,DIAZ-BALART,HOUSE,REPRESENTATIVE,R,FL,25.0,D000600,113.0
294.0,Lincoln,DIAZ-BALART,HOUSE,REPRESENTATIVE,R,FL,21.0,D000299,107.0
295.0,Jay,DICKEY,HOUSE,REPRESENTATIVE,R,AR,4.0,D000312,106.0
297.0,Norman,DICKS,HOUSE,REPRESENTATIVE,D,WA,6.0,D000327,107.0
,,DINGEL,,,,,,,
299.0,John,DINGELL,HOUSE,REPRESENTATIVE,D,MI,12.0,D000355,113.0
2251.0,Debbie,DINGELL,HOUSE,REPRESENTATIVE,D,MI,12.0,D000624,114.0
,,DINGLE,,,,,,,
301.0,Julian,DIXON,HOUSE,REPRESENTATIVE,D,CA,32.0,D000373,106.0
1978.0,Charles,DJOU,HOUSE,,R,HI,,D000611,111.0
,,DOCKS,,,,,,,
302.0,Christopher,DODD,SENATE,SENATOR,D,CT,,D000388,107.0
,,DOGGET,,,,,,,
303.0,Lloyd,DOGGETT,HOUSE,REPRESENTATIVE,D,TX,35.0,D000399,113.0
,,DOGRAN,,,,,,,
2013.0,Robert,DOLD,HOUSE,REPRESENTATIVE,R,IL,10.0,D000613,112.0
1698.0,Elizabeth,DOLE,SENATE,SENATOR,R,NC,,D000601,110.0
,,DOMEINICI,,,,,,,
,,DOMENCI,,,,,,,
1319.0,Pete,DOMENICI,SENATE,SENATOR,R,NM,,D000407,107.0
,,DOMINCI,,,,,,,
,,DOMINICI,,,,,,,
1850.0,Joe,DONNELLY,SENATE,SENATOR,D,IN,,D000607,113.0
2293.0,Daniel,DONOVAN,HOUSE,REPRESENTATIVE,R,NY,11.0,D000625,114.0
306.0,Calvin,DOOLEY,HOUSE,REPRESENTATIVE,D,CA,20.0,D000424,107.0
,,DOOLITTE,,,,,,,
307.0,John,DOOLITTLE,HOUSE,REPRESENTATIVE,R,CA,4.0,D000429,107.0
,,DORAN,,,,,,,
308.0,Byron,DORGAN,SENATE,SENATOR,D,ND,,D000432,107.0
310.0,Robert,DORNAN,HOUSE,,R,CA,,D000435,103.0
316.0,Michael,DOYLE,HOUSE,REPRESENTATIVE,D,PA,14.0,D000482,113.0
1808.0,Thelma,DRAKE,HOUSE,REPRESENTATIVE,R,VA,2.0,D000605,110.0
317.0,David,DREIER,HOUSE,REPRESENTATIVE,R,CA,28.0,D000492,107.0
1946.0,Steve,DRIEHAUS,HOUSE,REPRESENTATIVE,D,OH,1.0,D000609,111.0
,,DRIER,,,,,,,
,,DROGAN,,,,,,,
,,DUCAN,,,,,,,
2123.0,Tammy,DUCKWORTH,HOUSE,REPRESENTATIVE,D,IL,8.0,D000622,113.0
2072.0,Sean,DUFFY,HOUSE,REPRESENTATIVE,R,WI,7.0,D000614,112.0
2057.0,Jeff,DUNCAN,HOUSE,REPRESENTATIVE,R,SC,3.0,D000615,113.0
322.0,John,DUNCAN,HOUSE,REPRESENTATIVE,R,TN,2.0,D000533,113.0
324.0,Jennifer,DUNN,HOUSE,REPRESENTATIVE,R,WA,8.0,D000549,107.0
,,DURBAN,,,,,,,
326.0,Richard,DURBIN,SENATE,SENATOR,D,IL,,D000563,113.0
,,DURBN,,,,,,,
,,DURDIN,,,,,,,
1321.0,Dave,DURENBERGER,SENATE,,R,MN,,D000566,103.0
,,DURGIN,,,,,,,
,,DURKIN,,,,,,,
,,E,,,,,,,
1573.0,John,EDWARDS,SENATE,SENATOR,D,NC,,E000286,107.0
335.0,Chet,EDWARDS,HOUSE,REPRESENTATIVE,D,TX,11.0,E000063,107.0
1894.0,Donna,EDWARDS,HOUSE,REPRESENTATIVE,D,MD,4.0,E000290,113.0
339.0,Vernon,EHLERS,HOUSE,REPRESENTATIVE,R,MI,3.0,E000092,107.0
340.0,Robert,EHRLICH,HOUSE,REPRESENTATIVE,R,MD,2.0,E000093,107.0
1857.0,Keith,ELLISON,HOUSE,REPRESENTATIVE,D,MN,5.0,E000288,113.0
2036.0,Renee,ELLMERS,HOUSE,REPRESENTATIVE,R,NC,2.0,E000291,113.0
1851.0,Brad,ELLSWORTH,HOUSE,REPRESENTATIVE,D,IN,8.0,E000289,110.0
,,ELMERS,,,,,,,
1725.0,Rahm,EMANUEL,HOUSE,REPRESENTATIVE,D,IL,5.0,E000287,110.0
1481.0,Jo,EMERSON,HOUSE,REPRESENTATIVE,R,MO,8.0,E000172,107.0
,,EMMANUEL,,,,,,,
2253.0,Tom,EMMER,HOUSE,REPRESENTATIVE,R,MN,6.0,E000294,114.0
344.0,Eliot,ENGEL,HOUSE,REPRESENTATIVE,D,NY,16.0,E000179,113.0
,,ENGLE,,,,,,,
347.0,Phil,ENGLISH,HOUSE,REPRESENTATIVE,R,PA,21.0,E000187,107.0
348.0,John,ENSIGN,SENATE,SENATOR,R,NV,,E000194,107.0
2125.0,William,ENYART,HOUSE,REPRESENTATIVE,D,IL,12.0,E000292,113.0
1542.0,Michael,ENZI,SENATE,SENATOR,R,WY,,E000285,113.0
,,ERHLICH,,,,,,,
,,ERLENBORN,,,,,,,
2283.0,Joni,ERNST,SENATE,SENATOR,R,IA,,E000295,114.0
,,ESCHOO,,,,,,,
355.0,Anna,ESHOO,HOUSE,REPRESENTATIVE,D,CA,18.0,E000215,113.0
2342.0,Adriano,ESPAILLAT,HOUSE,,D,NY,,E000297,115.0
2358.0,Ron,ESTES,HOUSE,,R,KS,,E000298,115.0
2114.0,Elizabeth,ESTY,HOUSE,REPRESENTATIVE,D,CT,5.0,E000293,113.0
1482.0,Bob,ETHERIDGE,HOUSE,REPRESENTATIVE,D,NC,2.0,E000226,107.0
361.0,Lane,EVANS,HOUSE,REPRESENTATIVE,D,IL,17.0,E000250,107.0
364.0,Terry,EVERETT,HOUSE,REPRESENTATIVE,R,AL,2.0,E000268,107.0
366.0,Thomas,EWING,HOUSE,REPRESENTATIVE,R,IL,15.0,E000282,106.0
1328.0,J.,EXON,SENATE,,D,NE,,E000284,103.0
,,F,,,,,,,
1329.0,Lauch,FAIRCLOTH,SENATE,SENATOR,R,NC,,F000437,105.0
,,FAITHCLOTH,,,,,,,
,,FALEMAVAEGA,,,,,,,
,,FALEMOVAEGA,,,,,,,
367.0,Eni,FALEOMAVAEGA,HOUSE,,D,AS,,F000010,103.0
,,FALEOMAVAEGO,,,,,,,
,,FALEOMAVEGA,,,,,,,
,,FALEOVAVAEGA,,,,,,,
1872.0,Mary,FALLIN,HOUSE,REPRESENTATIVE,R,OK,5.0,F000453,110.0
,,FANNIN,,,,,,,
2067.0,Blake,FARENTHOLD,HOUSE,REPRESENTATIVE,R,TX,27.0,F000460,113.0
368.0,Sam,FARR,HOUSE,REPRESENTATIVE,D,CA,20.0,F000030,113.0
2343.0,John,FASO,HOUSE,,R,NY,,F000464,115.0
371.0,Chaka,FATTAH,HOUSE,REPRESENTATIVE,D,PA,2.0,F000043,113.0
373.0,Harris,FAWELL,HOUSE,REPRESENTATIVE,R,IL,13.0,F000049,105.0
374.0,Vic,FAZIO,HOUSE,REPRESENTATIVE,D,CA,3.0,F000053,105.0
1716.0,Tom,FEENEY,HOUSE,REPRESENTATIVE,R,FL,24.0,F000447,110.0
1331.0,Russell,FEINGOLD,SENATE,SENATOR,D,WI,,F000061,107.0
1332.0,Dianne,FEINSTEIN,SENATE,SENATOR,D,CA,,F000062,113.0
,,FEINSTEN,,,,,,,
,,FELINGHUYSEN,,,,,,,
1659.0,Mike,FERGUSON,HOUSE,REPRESENTATIVE,R,NJ,7.0,F000443,107.0
380.0,Jack,FIELDS,HOUSE,,R,TX,,F000111,103.0
381.0,Bob,FILNER,HOUSE,REPRESENTATIVE,D,CA,50.0,F000116,107.0
2064.0,Stephen,FINCHER,HOUSE,REPRESENTATIVE,R,TN,8.0,F000458,113.0
383.0,Eric,FINGERHUT,HOUSE,,D,OH,,F000128,103.0
2179.0,Deb,FISCHER,SENATE,SENATOR,R,NE,,F000463,113.0
384.0,Hamilton,FISH,HOUSE,,R,NY,,F000141,103.0
,,FISHER,,,,,,,
1571.0,Peter,FITZGERALD,SENATE,SENATOR,R,IL,,F000442,107.0
,,FITZPATRICIK,,,,,,,
1797.0,Michael,FITZPATRICK,HOUSE,REPRESENTATIVE,R,PA,8.0,F000451,113.0
388.0,Floyd,FLAKE,HOUSE,REPRESENTATIVE,D,NY,6.0,F000184,105.0
1633.0,Jeff,FLAKE,SENATE,SENATOR,R,AZ,,F000444,113.0
389.0,Michael,FLANAGAN,HOUSE,,R,IL,,F000187,104.0
2061.0,Charles,FLEISCHMANN,HOUSE,REPRESENTATIVE,R,TN,3.0,F000459,113.0
1924.0,John,FLEMING,HOUSE,REPRESENTATIVE,R,LA,4.0,F000456,113.0
1563.0,Ernie,FLETCHER,HOUSE,REPRESENTATIVE,R,KY,6.0,F000441,107.0
2065.0,Bill,FLORES,HOUSE,,R,TX,,F000461,115.0
,,FOGIETTA,,,,,,,
395.0,Thomas,FOGLIETTA,HOUSE,REPRESENTATIVE,D,PA,1.0,F000235,105.0
396.0,Mark,FOLEY,HOUSE,REPRESENTATIVE,R,FL,16.0,F000238,107.0
398.0,Michael,FORBES,HOUSE,REPRESENTATIVE,D,NY,1.0,F000257,106.0
1683.0,J.,FORBES,HOUSE,REPRESENTATIVE,R,VA,4.0,F000445,113.0
401.0,William,FORD,HOUSE,,D,MI,,F000270,103.0
400.0,Harold,FORD,HOUSE,,D,TN,,F000261,104.0
1483.0,Harold,FORD,HOUSE,REPRESENTATIVE,D,TN,9.0,F000262,107.0
1334.0,Wendell,FORD,SENATE,SENATOR,D,KY,,F000268,105.0
1793.0,Jeff,FORTENBERRY,HOUSE,REPRESENTATIVE,R,NE,1.0,F000449,113.0
,,FORTUNA,,,,,,,
1800.0,Luis,FORTUNO,HOUSE,,R,PR,,F000452,109.0
,,FOSELLA,,,,,,,
1484.0,Vito,FOSSELLA,HOUSE,REPRESENTATIVE,R,NY,13.0,F000440,107.0
1888.0,Bill,FOSTER,HOUSE,REPRESENTATIVE,D,IL,11.0,F000454,113.0
404.0,Tillie,FOWLER,HOUSE,REPRESENTATIVE,R,FL,4.0,F000328,106.0
406.0,Jon,FOX,HOUSE,REPRESENTATIVE,R,PA,13.0,F000332,105.0
1791.0,Virginia,FOXX,HOUSE,REPRESENTATIVE,R,NC,5.0,F000450,113.0
1335.0,Sheila,FRAHM,SENATE,,R,KS,,F000438,104.0
407.0,Barney,FRANK,HOUSE,REPRESENTATIVE,D,MA,4.0,F000339,107.0
2119.0,Lois,FRANKEL,HOUSE,REPRESENTATIVE,D,FL,22.0,F000462,113.0
1969.0,Al,FRANKEN,SENATE,SENATOR,D,MN,,F000457,113.0
409.0,Bob,FRANKS,HOUSE,REPRESENTATIVE,R,NJ,7.0,F000349,106.0
1707.0,Trent,FRANKS,HOUSE,REPRESENTATIVE,R,AZ,8.0,F000448,113.0
410.0,Gary,FRANKS,HOUSE,,R,CT,,F000348,104.0
412.0,Victor,FRAZER,HOUSE,,I,VI,,F000351,104.0
,,FRELINGHUSEN,,,,,,,
414.0,Rodney,FRELINGHUYSEN,HOUSE,REPRESENTATIVE,R,NJ,11.0,F000372,113.0
,,FRELINGHYSEN,,,,,,,
,,FRELINGUYSEN,,,,,,,
,,FREY,,,,,,,
,,FREYLINGHUYSEN,,,,,,,
417.0,Dan,FRISA,HOUSE,,R,NY,,F000387,104.0
1336.0,William,FRIST,SENATE,SENATOR,R,TN,,F000439,107.0
419.0,Martin,FROST,HOUSE,REPRESENTATIVE,D,TX,24.0,F000392,107.0
1895.0,Marcia,FUDGE,HOUSE,REPRESENTATIVE,D,OH,11.0,F000455,113.0
,,FUNDERBUNK,,,,,,,
421.0,David,FUNDERBURK,HOUSE,,R,NC,,F000426,104.0
423.0,Elizabeth,FURSE,HOUSE,REPRESENTATIVE,D,OR,1.0,F000434,105.0
,,G,,,,,,,
2122.0,Tulsi,GABBARD,HOUSE,REPRESENTATIVE,D,HI,2.0,G000571,113.0
2314.0,Matt,GAETZ,HOUSE,,R,FL,,G000578,115.0
2355.0,Mike,GALLAGHER,HOUSE,,R,WI,,G000579,115.0
425.0,Elton,GALLEGLY,HOUSE,REPRESENTATIVE,R,CA,23.0,G000021,107.0
2164.0,Pete,GALLEGO,HOUSE,REPRESENTATIVE,D,TX,23.0,G000572,113.0
2226.0,Ruben,GALLEGO,HOUSE,REPRESENTATIVE,D,AZ,7.0,G000574,114.0
426.0,Dean,GALLO,HOUSE,,R,NJ,,G000025,103.0
,,GANKSE,,,,,,,
428.0,Greg,GANSKE,HOUSE,REPRESENTATIVE,R,IA,4.0,G000041,107.0
1973.0,John,GARAMENDI,HOUSE,REPRESENTATIVE,D,CA,3.0,G000559,113.0
2120.0,Joe,GARCIA,HOUSE,,D,FL,,G000573,113.0
,,GARDENER,,,,,,,
1998.0,Cory,GARDNER,HOUSE,REPRESENTATIVE,R,CO,4.0,G000562,113.0
1737.0,Scott,GARRETT,HOUSE,REPRESENTATIVE,R,NJ,5.0,G000548,113.0
,,GBBONS,,,,,,,
,,GEDJENSON,,,,,,,
,,GEJDENSEN,,,,,,,
431.0,Sam,GEJDENSON,HOUSE,REPRESENTATIVE,D,CT,2.0,G000120,106.0
432.0,George,GEKAS,HOUSE,REPRESENTATIVE,R,PA,17.0,G000121,107.0
433.0,Richard,GEPHARDT,HOUSE,REPRESENTATIVE,D,MO,3.0,G000132,107.0
1743.0,Jim,GERLACH,HOUSE,REPRESENTATIVE,R,PA,6.0,G000549,113.0
2359.0,Greg,GIANFORTE,HOUSE,,R,MT,,G000584,115.0
1485.0,Jim,GIBBONS,HOUSE,REPRESENTATIVE,R,NV,2.0,G000152,107.0
2049.0,Bob,GIBBS,HOUSE,REPRESENTATIVE,R,OH,7.0,G000563,113.0
2043.0,Christopher,GIBSON,HOUSE,REPRESENTATIVE,R,NY,19.0,G000564,113.0
1831.0,Gabrielle,GIFFORDS,HOUSE,REPRESENTATIVE,D,AZ,8.0,G000554,112.0
438.0,Wayne,GILCHREST,HOUSE,REPRESENTATIVE,R,MD,1.0,G000180,107.0
,,GILCHRIST,,,,,,,
,,GILCREST,,,,,,,
1866.0,Kirsten,GILLIBRAND,SENATE,SENATOR,D,NY,,G000555,113.0
,,GILLMAN,,,,,,,
439.0,Paul,GILLMOR,HOUSE,REPRESENTATIVE,R,OH,5.0,G000210,107.0
440.0,Benjamin,GILMAN,HOUSE,REPRESENTATIVE,R,NY,20.0,G000212,107.0
,,GILNAN,,,,,,,
1720.0,Phil,GINGREY,HOUSE,REPRESENTATIVE,R,GA,11.0,G000550,113.0
441.0,Newt,GINGRICH,HOUSE,,R,GA,,G000225,103.0
1339.0,John,GLENN,SENATE,SENATOR,D,OH,,G000236,105.0
443.0,Dan,GLICKMAN,HOUSE,,D,KS,,G000240,103.0
,,GOHEN,,,,,,,
1801.0,Louie,GOHMERT,HOUSE,REPRESENTATIVE,R,TX,1.0,G000552,113.0
2362.0,Jimmy,GOMEZ,HOUSE,,D,CA,,G000585,115.0
,,GONZALES,,,,,,,
445.0,Henry,GONZALEZ,HOUSE,REPRESENTATIVE,D,TX,20.0,G000272,105.0
1555.0,Charles,GONZALEZ,HOUSE,REPRESENTATIVE,D,TX,20.0,G000544,107.0
1486.0,Virgil,GOODE,HOUSE,REPRESENTATIVE,R,VA,5.0,G000280,107.0
,,GOODLATE,,,,,,,
446.0,Bob,GOODLATTE,HOUSE,REPRESENTATIVE,R,VA,6.0,G000289,113.0
447.0,William,GOODLING,HOUSE,REPRESENTATIVE,R,PA,19.0,G000291,106.0
1980.0,Carte,GOODWIN,SENATE,,D,WV,,G000561,111.0
448.0,Bart,GORDON,HOUSE,REPRESENTATIVE,D,TN,6.0,G000309,107.0
,,GORE,,,,,,,
1341.0,Slade,GORTON,SENATE,SENATOR,R,WA,,G000333,106.0
1992.0,Paul,GOSAR,HOUSE,REPRESENTATIVE,R,AZ,4.0,G000565,113.0
450.0,Porter,GOSS,HOUSE,REPRESENTATIVE,R,FL,14.0,G000336,107.0
2338.0,Josh,GOTTHEIMER,HOUSE,,D,NJ,,G000583,115.0
2058.0,Trey,GOWDY,HOUSE,REPRESENTATIVE,R,SC,4.0,G000566,113.0
,,GRABER,,,,,,,
2234.0,Gwen,GRAHAM,HOUSE,REPRESENTATIVE,D,FL,2.0,G000575,114.0
452.0,Lindsey,GRAHAM,SENATE,SENATOR,R,SC,,G000359,113.0
1342.0,Bob,GRAHAM,SENATE,SENATOR,D,FL,,G000352,107.0
,,GRAIG,,,,,,,
,,GRAM,,,,,,,
453.0,Phil,GRAMM,SENATE,SENATOR,R,TX,,G000365,107.0
454.0,Rod,GRAMS,SENATE,SENATOR,R,MN,,G000367,106.0
455.0,Fred,GRANDY,HOUSE,,R,IA,,G000371,103.0
1487.0,Kay,GRANGER,HOUSE,REPRESENTATIVE,R,TX,12.0,G000377,113.0
,,GRASSELY,,,,,,,
,,GRASSEY,,,,,,,
457.0,Chuck,GRASSLEY,SENATE,SENATOR,R,IA,,G000386,113.0
,,GRAVEL,,,,,,,
1656.0,Sam,GRAVES,HOUSE,REPRESENTATIVE,R,MO,6.0,G000546,113.0
2245.0,Garret,GRAVES,HOUSE,REPRESENTATIVE,R,LA,6.0,G000577,114.0
1979.0,Tom,GRAVES,HOUSE,REPRESENTATIVE,R,GA,14.0,G000560,113.0
,,GRAY,,,,,,,
1914.0,Alan,GRAYSON,HOUSE,REPRESENTATIVE,D,FL,9.0,G000556,113.0
462.0,Gene,GREEN,HOUSE,REPRESENTATIVE,D,TX,29.0,G000410,113.0
1559.0,Mark,GREEN,HOUSE,REPRESENTATIVE,R,WI,8.0,G000545,107.0
1803.0,Al,GREEN,HOUSE,REPRESENTATIVE,D,TX,9.0,G000553,113.0
465.0,James,GREENWOOD,HOUSE,REPRESENTATIVE,R,PA,8.0,G000439,107.0
466.0,Judd,GREGG,SENATE,SENATOR,R,NH,,G000445,107.0
1990.0,Tim,GRIFFIN,HOUSE,REPRESENTATIVE,R,AR,2.0,G000567,113.0
1906.0,Parker,GRIFFITH,HOUSE,REPRESENTATIVE,R,AL,5.0,G000557,111.0
2070.0,H.,GRIFFITH,HOUSE,REPRESENTATIVE,R,VA,9.0,G000568,113.0
1708.0,Raul,GRIJALVA,HOUSE,REPRESENTATIVE,D,AZ,3.0,G000551,113.0
2041.0,Michael,GRIMM,HOUSE,REPRESENTATIVE,R,NY,11.0,G000569,113.0
2276.0,Glenn,GROTHMAN,HOUSE,REPRESENTATIVE,R,WI,6.0,G000576,114.0
1662.0,Felix,GRUCCI,HOUSE,REPRESENTATIVE,R,NY,1.0,G000547,107.0
2038.0,Frank,GUINTA,HOUSE,REPRESENTATIVE,R,NH,1.0,G000570,112.0
476.0,Steve,GUNDERSON,HOUSE,,R,WI,,G000524,103.0
1922.0,Brett,GUTHRIE,HOUSE,REPRESENTATIVE,R,KY,2.0,G000558,113.0
,,GUTIEERREZ,,,,,,,
,,GUTIERREG,,,,,,,
478.0,Luis,GUTIERREZ,HOUSE,REPRESENTATIVE,D,IL,4.0,G000535,113.0
479.0,Gil,GUTKNECHT,HOUSE,REPRESENTATIVE,R,MN,1.0,G000536,107.0
,,GUTKNECKT,,,,,,,
,,H,,,,,,,
1902.0,Kay,HAGAN,SENATE,SENATOR,D,NC,,H001049,113.0
1545.0,Chuck,HAGEL,SENATE,SENATOR,R,NE,,H001028,107.0
,,HAGER,,,,,,,
2089.0,Janice,HAHN,HOUSE,REPRESENTATIVE,D,CA,44.0,H001063,113.0
487.0,Tony,HALL,HOUSE,REPRESENTATIVE,D,OH,3.0,H000074,107.0
484.0,Ralph,HALL,HOUSE,REPRESENTATIVE,R,TX,4.0,H000067,113.0
1865.0,John,HALL,HOUSE,REPRESENTATIVE,D,NY,19.0,H001039,110.0
1919.0,Deborah,HALVORSON,HOUSE,REPRESENTATIVE,D,IL,11.0,H001044,111.0
488.0,Dan,HAMBURG,HOUSE,,D,CA,,H000096,103.0
489.0,Lee,HAMILTON,HOUSE,REPRESENTATIVE,D,IN,9.0,H000114,105.0
2010.0,Colleen,HANABUSA,HOUSE,REPRESENTATIVE,D,HI,1.0,H001050,113.0
492.0,Mel,HANCOCK,HOUSE,,R,MO,,H000151,103.0
2360.0,Karen,HANDEL,HOUSE,,R,GA,,H001078,115.0
2044.0,Richard,HANNA,HOUSE,REPRESENTATIVE,R,NY,22.0,H001051,113.0
498.0,James,HANSEN,HOUSE,REPRESENTATIVE,R,UT,1.0,H000172,107.0
2260.0,Cresent,HARDY,HOUSE,REPRESENTATIVE,R,NV,4.0,H001070,114.0
1849.0,Phil,HARE,HOUSE,REPRESENTATIVE,D,IL,17.0,H001040,111.0
501.0,Tom,HARKIN,SENATE,SENATOR,D,IA,,H000206,113.0
,,HARKING,,,,,,,
,,HARKINS,,,,,,,
502.0,Jane,HARMAN,HOUSE,REPRESENTATIVE,D,CA,36.0,H000213,107.0
,,HARMON,,,,,,,
1933.0,Gregg,HARPER,HOUSE,REPRESENTATIVE,R,MS,3.0,H001045,113.0
2301.0,Kamala,HARRIS,SENATE,,D,CA,,H001075,115.0
2301.0,Kamala,HARRIS,SENATE,,D,CA,,H001075,115.0
1714.0,Katherine,HARRIS,HOUSE,REPRESENTATIVE,R,FL,13.0,H001035,108.0
2026.0,Andy,HARRIS,HOUSE,REPRESENTATIVE,R,MD,1.0,H001052,113.0
2301.0,Kamala,HARRIS,SENATE,,D,CA,,H001075,115.0
1666.0,Melissa,HART,HOUSE,REPRESENTATIVE,R,PA,4.0,H001033,107.0
2032.0,Vicky,HARTZLER,HOUSE,REPRESENTATIVE,R,MO,4.0,H001053,113.0
2302.0,Margaret,HASSAN,SENATE,,D,NH,,H001076,115.0
510.0,J.,HASTERT,HOUSE,REPRESENTATIVE,R,IL,14.0,H000323,107.0
511.0,Alcee,HASTINGS,HOUSE,REPRESENTATIVE,D,FL,19.0,H000324,113.0
512.0,Doc,HASTINGS,HOUSE,REPRESENTATIVE,R,WA,4.0,H000329,113.0
1351.0,Orrin,HATCH,SENATE,SENATOR,R,UT,,H000338,113.0
1352.0,Mark,HATFIELD,SENATE,,R,OR,,H000343,103.0
,,HATIFIELD,,,,,,,
1600.0,Robin,HAYES,HOUSE,REPRESENTATIVE,R,NC,8.0,H001029,107.0
,,HAYWOOD,,,,,,,
2042.0,Nan,HAYWORTH,HOUSE,REPRESENTATIVE,R,NY,19.0,H001054,112.0
520.0,J.,HAYWORTH,HOUSE,REPRESENTATIVE,R,AZ,6.0,H000413,107.0
,,HDYE,,,,,,,
2170.0,Denny,HECK,HOUSE,REPRESENTATIVE,D,WA,10.0,H001064,113.0
2040.0,Joseph,HECK,HOUSE,REPRESENTATIVE,R,NV,3.0,H001055,113.0
524.0,Joel,HEFLEY,HOUSE,REPRESENTATIVE,R,CO,5.0,H000444,107.0
1358.0,Howell,HEFLIN,SENATE,,D,AL,,H000445,103.0
525.0,W.,HEFNER,HOUSE,REPRESENTATIVE,D,NC,8.0,H000448,105.0
527.0,Frederick,HEINEMAN,HOUSE,,R,NC,,H000452,104.0
1937.0,Martin,HEINRICH,SENATE,SENATOR,D,NM,,H001046,113.0
2174.0,Heidi,HEITKAMP,SENATE,SENATOR,D,ND,,H001069,113.0
1863.0,Dean,HELLER,SENATE,SENATOR,R,NV,,H001041,113.0
1359.0,Jesse,HELMS,SENATE,SENATOR,R,NC,,H000463,107.0
1749.0,Jeb,HENSARLING,HOUSE,REPRESENTATIVE,R,TX,5.0,H001036,113.0
533.0,Wally,HERGER,HOUSE,REPRESENTATIVE,R,CA,2.0,H000528,107.0
2071.0,Jaime,HERRERA BEUTLER,HOUSE,REPRESENTATIVE,R,WA,3.0,H001056,113.0
,,HERSETH,,,,,,,
1760.0,Stephanie,HERSETH SANDLIN,HOUSE,REPRESENTATIVE,D,SD,0.0,H001037,110.0
,,HERTEL,,,,,,,
2237.0,Jody,HICE,HOUSE,REPRESENTATIVE,R,GA,10.0,H001071,114.0
1794.0,Brian,HIGGINS,HOUSE,REPRESENTATIVE,D,NY,26.0,H001038,113.0
1489.0,Rick,HILL,HOUSE,REPRESENTATIVE,R,MT,0.0,H000605,106.0
1578.0,Baron,HILL,HOUSE,REPRESENTATIVE,D,IN,9.0,H001030,107.0
2223.0,J.,HILL,HOUSE,REPRESENTATIVE,R,AR,2.0,H001072,114.0
,,HILLARD,,,,,,,
538.0,Van,HILLEARY,HOUSE,REPRESENTATIVE,R,TN,4.0,H000615,107.0
539.0,Earl,HILLIARD,HOUSE,REPRESENTATIVE,D,AL,7.0,H000621,107.0
1913.0,James,HIMES,HOUSE,REPRESENTATIVE,D,CT,4.0,H001047,113.0
541.0,Maurice,HINCHEY,HOUSE,REPRESENTATIVE,D,NY,26.0,H000627,107.0
,,HINCKEY,,,,,,,
,,HINIJOSA,,,,,,,
1490.0,Ruben,HINOJOSA,HOUSE,REPRESENTATIVE,D,TX,15.0,H000636,113.0
1844.0,Mazie,HIRONO,SENATE,SENATOR,D,HI,,H001042,113.0
544.0,Peter,HOAGLAND,HOUSE,,D,NE,,H000652,103.0
545.0,David,HOBSON,HOUSE,REPRESENTATIVE,R,OH,7.0,H000666,107.0
546.0,George,HOCHBRUECKNER,HOUSE,,D,NY,,H000670,103.0
2088.0,Kathleen,HOCHUL,HOUSE,REPRESENTATIVE,D,NY,26.0,H001062,112.0
1862.0,Paul,HODES,HOUSE,REPRESENTATIVE,D,NH,2.0,H001043,110.0
1579.0,Joseph,HOEFFEL,HOUSE,REPRESENTATIVE,D,PA,13.0,H001031,107.0
547.0,Peter,HOEKSTRA,HOUSE,REPRESENTATIVE,R,MI,2.0,H000676,107.0
2079.0,John,HOEVEN,SENATE,SENATOR,R,ND,,H001061,113.0
549.0,Martin,HOKE,HOUSE,,R,OH,,H000707,103.0
550.0,Tim,HOLDEN,HOUSE,REPRESENTATIVE,D,PA,6.0,H000712,107.0
2143.0,George,HOLDING,HOUSE,REPRESENTATIVE,R,NC,12.0,H001065,113.0
,,HOLLING,,,,,,,
1361.0,Ernest,HOLLINGS,SENATE,SENATOR,D,SC,,H000725,107.0
2327.0,Trey,HOLLINGSWORTH,HOUSE,,R,IN,,H001074,115.0
,,HOLLLINGS,,,,,,,
,,HOLSHOF,,,,,,,
,,HOLSHUF,,,,,,,
1580.0,Rush,HOLT,HOUSE,REPRESENTATIVE,D,NJ,12.0,H001032,113.0
1634.0,Michael,HONDA,HOUSE,REPRESENTATIVE,D,CA,17.0,H001034,113.0
1491.0,Darlene,HOOLEY,HOUSE,REPRESENTATIVE,D,OR,5.0,H000762,107.0
559.0,Stephen,HORN,HOUSE,REPRESENTATIVE,R,CA,38.0,H000789,107.0
2147.0,Steven,HORSFORD,HOUSE,REPRESENTATIVE,D,NV,4.0,H001066,113.0
,,HORTON,,,,,,,
,,HOSTETLER,,,,,,,
,,HOSTETTER,,,,,,,
562.0,John,HOSTETTLER,HOUSE,REPRESENTATIVE,R,IN,8.0,H000807,107.0
563.0,Amo,HOUGHTON,HOUSE,REPRESENTATIVE,R,NY,31.0,H000814,106.0
566.0,Steny,HOYER,HOUSE,REPRESENTATIVE,D,MD,5.0,H000874,113.0
2140.0,Richard,HUDSON,HOUSE,REPRESENTATIVE,R,NC,8.0,H001067,113.0
2020.0,Tim,HUELSKAMP,HOUSE,REPRESENTATIVE,R,KS,1.0,H001057,113.0
571.0,Michael,HUFFINGTON,HOUSE,,R,CA,,H000912,103.0
2101.0,Jared,HUFFMAN,HOUSE,REPRESENTATIVE,D,CA,2.0,H001068,113.0
572.0,William,HUGHES,HOUSE,,D,NJ,,H000930,103.0
2028.0,Bill,HUIZENGA,HOUSE,REPRESENTATIVE,R,MI,2.0,H001058,113.0
1492.0,Kenny,HULSHOF,HOUSE,REPRESENTATIVE,R,MO,9.0,H000948,107.0
,,HULSOHF,,,,,,,
2015.0,Randy,HULTGREN,HOUSE,REPRESENTATIVE,R,IL,14.0,H001059,113.0
,,HUMPHREY,,,,,,,
,,HUNGER,,,,,,,
1909.0,Duncan,HUNTER,HOUSE,REPRESENTATIVE,R,CA,50.0,H001048,113.0
575.0,Duncan,HUNTER,HOUSE,REPRESENTATIVE,R,CA,52.0,H000981,107.0
2269.0,Will,HURD,HOUSE,REPRESENTATIVE,R,TX,23.0,H001073,114.0
2069.0,Robert,HURT,HOUSE,REPRESENTATIVE,R,VA,5.0,H001060,113.0
1493.0,Asa,HUTCHINSON,HOUSE,REPRESENTATIVE,R,AR,3.0,H001014,106.0
578.0,Tim,HUTCHINSON,SENATE,SENATOR,R,AR,,H001015,107.0
1368.0,Kay,HUTCHISON,SENATE,SENATOR,R,TX,,H001016,107.0
579.0,Earl,HUTTO,HOUSE,,D,FL,,H001018,103.0
580.0,Henry,HYDE,HOUSE,REPRESENTATIVE,R,IL,6.0,H001022,107.0
,,I,,,,,,,
582.0,Bob,INGLIS,HOUSE,REPRESENTATIVE,R,SC,4.0,I000023,110.0
583.0,James,INHOFE,SENATE,SENATOR,R,OK,,I000024,113.0
1369.0,Daniel,INOUYE,SENATE,SENATOR,D,HI,,I000025,107.0
584.0,Jay,INSLEE,HOUSE,REPRESENTATIVE,D,WA,1.0,I000026,107.0
,,INSOELD,,,,,,,
1608.0,Johnny,ISAKSON,SENATE,SENATOR,R,GA,,I000055,113.0
1663.0,Steve,ISRAEL,HOUSE,REPRESENTATIVE,D,NY,3.0,I000057,113.0
1640.0,Darrell,ISSA,HOUSE,REPRESENTATIVE,R,CA,49.0,I000056,113.0
586.0,Ernest,ISTOOK,HOUSE,REPRESENTATIVE,R,OK,5.0,I000047,107.0
,,IZAKSON,,,,,,,
,,J,,,,,,,
587.0,Jesse,JACKSON,HOUSE,REPRESENTATIVE,D,IL,2.0,J000283,107.0
588.0,Sheila,JACKSON LEE,HOUSE,REPRESENTATIVE,D,TX,18.0,J000032,113.0
589.0,Andrew,JACOBS,HOUSE,,D,IN,,J000033,103.0
1746.0,William,JANKLOW,HOUSE,,R,SD,,J000286,108.0
2354.0,Pramila,JAYAPAL,HOUSE,,D,WA,,J000298,115.0
592.0,William,JEFFERSON,HOUSE,REPRESENTATIVE,D,LA,2.0,J000070,107.0
,,JEFFORD,,,,,,,
593.0,James,JEFFORDS,SENATE,SENATOR,I,VT,,J000072,107.0
2149.0,Hakeem,JEFFRIES,HOUSE,REPRESENTATIVE,D,NY,8.0,J000294,113.0
1494.0,William,JENKINS,HOUSE,REPRESENTATIVE,R,TN,1.0,J000082,107.0
2278.0,Evan,JENKINS,HOUSE,REPRESENTATIVE,R,WV,3.0,J000297,114.0
1921.0,Lynn,JENKINS,HOUSE,REPRESENTATIVE,R,KS,2.0,J000290,113.0
,,JINDAHL,,,,,,,
1785.0,Bobby,JINDAL,HOUSE,REPRESENTATIVE,R,LA,1.0,J000287,110.0
1899.0,Mike,JOHANNS,SENATE,SENATOR,R,NE,,J000291,113.0
1495.0,Christopher,JOHN,HOUSE,REPRESENTATIVE,D,LA,7.0,J000110,107.0
,,JOHNS,,,,,,,
603.0,Sam,JOHNSON,HOUSE,REPRESENTATIVE,R,TX,3.0,J000174,113.0
604.0,Tim,JOHNSON,SENATE,SENATOR,D,SD,,J000177,113.0
599.0,Eddie,JOHNSON,HOUSE,REPRESENTATIVE,D,TX,30.0,J000126,113.0
2086.0,Ron,JOHNSON,SENATE,SENATOR,R,WI,,J000293,113.0
1496.0,Jay,JOHNSON,HOUSE,REPRESENTATIVE,D,WI,8.0,J000149,105.0
1648.0,Timothy,JOHNSON,HOUSE,REPRESENTATIVE,R,IL,15.0,J000285,107.0
602.0,Nancy,JOHNSON,HOUSE,REPRESENTATIVE,R,CT,6.0,J000163,107.0
606.0,Harry,JOHNSTON,HOUSE,,D,FL,,J000187,103.0
2199.0,David,JOLLY,HOUSE,REPRESENTATIVE,R,FL,13.0,J000296,114.0
612.0,Walter,JONES,HOUSE,REPRESENTATIVE,R,NC,3.0,J000255,113.0
1581.0,Stephanie,JONES,HOUSE,REPRESENTATIVE,D,OH,11.0,J000284,107.0
1868.0,Jim,JORDAN,HOUSE,,R,OH,,J000289,115.0
2154.0,David,JOYCE,HOUSE,REPRESENTATIVE,R,OH,14.0,J000295,113.0
,,K,,,,,,,
,,KAGAN,,,,,,,
1880.0,Steve,KAGEN,HOUSE,REPRESENTATIVE,D,WI,8.0,K000365,110.0
2176.0,Tim,KAINE,SENATE,SENATOR,D,VA,,K000384,113.0
,,KANJORKSI,,,,,,,
615.0,Paul,KANJORSKI,HOUSE,REPRESENTATIVE,D,PA,11.0,K000008,107.0
616.0,Marcy,KAPTUR,HOUSE,REPRESENTATIVE,D,OH,9.0,K000009,113.0
,,KAPUTR,,,,,,,
,,KASHICH,,,,,,,
618.0,John,KASICH,HOUSE,REPRESENTATIVE,R,OH,12.0,K000016,106.0
,,KASICK,,,,,,,
1375.0,Nancy,KASSEBAUM,SENATE,,R,KS,,K000017,103.0
2264.0,John,KATKO,HOUSE,REPRESENTATIVE,R,NY,24.0,K000386,114.0
1964.0,Edward,KAUFMAN,SENATE,SENATOR,D,DE,,K000373,111.0
,,KAY,,,,,,,
2025.0,William,KEATING,HOUSE,REPRESENTATIVE,D,MA,9.0,K000375,113.0
1644.0,Ric,KELLER,HOUSE,REPRESENTATIVE,R,FL,8.0,K000361,107.0
,,KELLEY,,,,,,,
624.0,Sue,KELLY,HOUSE,REPRESENTATIVE,R,NY,19.0,K000078,107.0
2051.0,Mike,KELLY,HOUSE,REPRESENTATIVE,R,PA,3.0,K000376,113.0
2294.0,Trent,KELLY,HOUSE,REPRESENTATIVE,R,MS,1.0,K000388,114.0
2190.0,Robin,KELLY,HOUSE,REPRESENTATIVE,D,IL,2.0,K000385,113.0
,,KEMP,,,,,,,
,,KEMPHORNE,,,,,,,
1376.0,Dirk,KEMPTHORNE,SENATE,SENATOR,R,ID,,K000088,105.0
2303.0,John,KENNEDY,SENATE,,R,LA,,K000393,115.0
2303.0,John,KENNEDY,SENATE,,R,LA,,K000393,115.0
2303.0,John,KENNEDY,SENATE,,R,LA,,K000393,115.0
2303.0,John,KENNEDY,SENATE,,R,LA,,K000393,115.0
627.0,Patrick,KENNEDY,HOUSE,REPRESENTATIVE,D,RI,1.0,K000113,107.0
2303.0,John,KENNEDY,SENATE,,R,LA,,K000393,115.0
2303.0,John,KENNEDY,SENATE,,R,LA,,K000393,115.0
1652.0,Mark,KENNEDY,HOUSE,REPRESENTATIVE,R,MN,2.0,K000358,107.0
2303.0,John,KENNEDY,SENATE,,R,LA,,K000393,115.0
2303.0,John,KENNEDY,SENATE,,R,LA,,K000393,115.0
2303.0,John,KENNEDY,SENATE,,R,LA,,K000393,115.0
2303.0,John,KENNEDY,SENATE,,R,LA,,K000393,115.0
2172.0,Joseph,KENNEDY,HOUSE,REPRESENTATIVE,D,MA,4.0,K000379,113.0
2303.0,John,KENNEDY,SENATE,,R,LA,,K000393,115.0
1377.0,Edward,KENNEDY,SENATE,SENATOR,D,MA,,K000105,107.0
2303.0,John,KENNEDY,SENATE,,R,LA,,K000393,115.0
2303.0,John,KENNEDY,SENATE,,R,LA,,K000393,115.0
626.0,Joseph,KENNEDY,HOUSE,,D,MA,,K000110,103.0
2303.0,John,KENNEDY,SENATE,,R,LA,,K000393,115.0
2303.0,John,KENNEDY,SENATE,,R,LA,,K000393,115.0
2303.0,John,KENNEDY,SENATE,,R,LA,,K000393,115.0
2303.0,John,KENNEDY,SENATE,,R,LA,,K000393,115.0
2303.0,John,KENNEDY,SENATE,,R,LA,,K000393,115.0
628.0,Barbara,KENNELLY,HOUSE,REPRESENTATIVE,D,CT,1.0,K000118,105.0
,,KENT,,,,,,,
1650.0,Brian,KERNS,HOUSE,REPRESENTATIVE,R,IN,7.0,K000359,107.0
1378.0,J.,KERREY,SENATE,SENATOR,D,NE,,K000146,106.0
1379.0,John,KERRY,SENATE,SENATOR,D,MA,,K000148,107.0
,,KEVIN,,,,,,,
2308.0,Ro,KHANNA,HOUSE,,D,CA,,K000389,115.0
2340.0,Ruben,KIHUEN,HOUSE,,D,NV,,K000390,115.0
631.0,Dale,KILDEE,HOUSE,REPRESENTATIVE,D,MI,9.0,K000172,107.0
2134.0,Daniel,KILDEE,HOUSE,REPRESENTATIVE,D,MI,5.0,K000380,113.0
,,KILHUEN,,,,,,,
2169.0,Derek,KILMER,HOUSE,REPRESENTATIVE,D,WA,6.0,K000381,113.0
1497.0,Carolyn,KILPATRICK,HOUSE,REPRESENTATIVE,D,MI,15.0,K000180,107.0
1948.0,Mary,KILROY,HOUSE,REPRESENTATIVE,D,OH,15.0,K000372,111.0
632.0,Jay,KIM,HOUSE,REPRESENTATIVE,R,CA,41.0,K000181,105.0
1498.0,Ron,KIND,HOUSE,REPRESENTATIVE,D,WI,3.0,K000188,113.0
635.0,Peter,KING,HOUSE,REPRESENTATIVE,R,NY,2.0,K000210,113.0
1724.0,Steve,KING,HOUSE,REPRESENTATIVE,R,IA,4.0,K000362,113.0
2185.0,Angus,KING,SENATE,SENATOR,I,ME,,K000383,113.0
636.0,Jack,KINGSTON,HOUSE,REPRESENTATIVE,R,GA,1.0,K000220,113.0
,,KINSTON,,,,,,,
2014.0,Adam,KINZINGER,HOUSE,REPRESENTATIVE,R,IL,16.0,K000378,113.0
,,KIPATRICK,,,,,,,
1647.0,Mark,KIRK,SENATE,SENATOR,R,IL,,K000360,113.0
1972.0,Paul,KIRK,SENATE,SENATOR,D,MA,,K000374,111.0
1907.0,Ann,KIRKPATRICK,HOUSE,REPRESENTATIVE,D,AZ,1.0,K000368,113.0
1934.0,Larry,KISSELL,HOUSE,REPRESENTATIVE,D,NC,8.0,K000369,112.0
,,KLECKZA,,,,,,,
,,KLECZAK,,,,,,,
637.0,Gerald,KLECZKA,HOUSE,REPRESENTATIVE,D,WI,4.0,K000259,107.0
1842.0,Ron,KLEIN,HOUSE,REPRESENTATIVE,D,FL,22.0,K000366,110.0
,,KLESSE,,,,,,,
1733.0,John,KLINE,HOUSE,REPRESENTATIVE,R,MN,2.0,K000363,113.0
639.0,Ron,KLINK,HOUSE,REPRESENTATIVE,D,PA,4.0,K000270,106.0
1826.0,Amy,KLOBUCHAR,SENATE,SENATOR,D,MN,,K000367,113.0
,,KLOBUCHER,,,,,,,
,,KLOBUCHUR,,,,,,,
641.0,Scott,KLUG,HOUSE,REPRESENTATIVE,R,WI,2.0,K000274,105.0
,,KLY,,,,,,,
2228.0,Stephen,KNIGHT,HOUSE,REPRESENTATIVE,R,CA,25.0,K000387,114.0
642.0,Joe,KNOLLENBERG,HOUSE,REPRESENTATIVE,R,MI,11.0,K000288,107.0
,,KOBLE,,,,,,,
1380.0,Herb,KOHL,SENATE,SENATOR,D,WI,,K000305,107.0
645.0,Jim,KOLBE,HOUSE,REPRESENTATIVE,R,AZ,5.0,K000306,107.0
,,KOLLENBERG,,,,,,,
648.0,Mike,KOPETSKI,HOUSE,,D,OR,,K000312,103.0
1917.0,Suzanne,KOSMAS,HOUSE,REPRESENTATIVE,D,FL,24.0,K000370,111.0
,,KRAMER,,,,,,,
1926.0,Frank,KRATOVIL,HOUSE,REPRESENTATIVE,D,MD,1.0,K000371,111.0
652.0,Mike,KREIDLER,HOUSE,,D,WA,,K000328,103.0
2325.0,Raja,KRISHNAMOORTHI,HOUSE,,D,IL,,K000391,115.0
1499.0,Dennis,KUCINICH,HOUSE,REPRESENTATIVE,D,OH,10.0,K000336,107.0
1795.0,John,KUHL,HOUSE,REPRESENTATIVE,R,NY,29.0,K000364,109.0
2145.0,Ann,KUSTER,HOUSE,REPRESENTATIVE,D,NH,2.0,K000382,113.0
1582.0,Steven,KUYKENDALL,HOUSE,REPRESENTATIVE,R,CA,36.0,K000357,106.0
655.0,Jon,KYL,SENATE,SENATOR,R,AZ,,K000352,107.0
,,KYLE,,,,,,,
,,L,,,,,,,
2011.0,Raul,LABRADOR,HOUSE,REPRESENTATIVE,R,ID,1.0,L000573,113.0
657.0,John,LAFALCE,HOUSE,REPRESENTATIVE,D,NY,29.0,L000556,107.0
2295.0,Darin,LAHOOD,HOUSE,REPRESENTATIVE,R,IL,18.0,L000585,114.0
659.0,Ray,LAHOOD,HOUSE,REPRESENTATIVE,R,IL,18.0,L000552,107.0
2100.0,Doug,LAMALFA,HOUSE,REPRESENTATIVE,R,CA,1.0,L000578,113.0
,,LAMB,,,,,,,
1570.0,Blanche,LAMBERT,SENATE,SENATOR,D,AR,,L000035,107.0
1834.0,Doug,LAMBORN,HOUSE,REPRESENTATIVE,R,CO,5.0,L000564,113.0
1500.0,Nick,LAMPSON,HOUSE,REPRESENTATIVE,D,TX,9.0,L000043,107.0
660.0,H.,LANCASTER,HOUSE,,D,NC,,L000045,103.0
1936.0,Leonard,LANCE,HOUSE,REPRESENTATIVE,R,NJ,7.0,L000567,113.0
1546.0,Mary,LANDRIEU,SENATE,SENATOR,D,LA,,L000550,113.0
2024.0,Jeffrey,LANDRY,HOUSE,REPRESENTATIVE,R,LA,3.0,L000574,112.0
1668.0,James,LANGEVIN,HOUSE,REPRESENTATIVE,D,RI,2.0,L000559,113.0
2050.0,James,LANKFORD,HOUSE,REPRESENTATIVE,R,OK,5.0,L000575,113.0
,,LANOS,,,,,,,
663.0,Tom,LANTOS,HOUSE,REPRESENTATIVE,D,CA,12.0,L000090,107.0
664.0,Steve,LARGENT,HOUSE,REPRESENTATIVE,R,OK,1.0,L000096,106.0
1675.0,Rick,LARSEN,HOUSE,REPRESENTATIVE,D,WA,2.0,L000560,113.0
1583.0,John,LARSON,HOUSE,REPRESENTATIVE,D,CT,1.0,L000557,113.0
666.0,Tom,LATHAM,HOUSE,REPRESENTATIVE,R,IA,3.0,L000111,113.0
667.0,Steven,LATOURETTE,HOUSE,REPRESENTATIVE,R,OH,19.0,L000553,107.0
1885.0,Robert,LATTA,HOUSE,,R,OH,,L000566,115.0
669.0,Greg,LAUGHLIN,HOUSE,,D,TX,,L000119,103.0
,,LAUNTENBERG,,,,,,,
1381.0,Frank,LAUTENBERG,SENATE,SENATOR,D,NJ,,L000123,106.0
,,LAUTENBURG,,,,,,,
2252.0,Brenda,LAWRENCE,HOUSE,REPRESENTATIVE,D,MI,14.0,L000581,114.0
670.0,Rick,LAZIO,HOUSE,REPRESENTATIVE,R,NY,2.0,L000155,106.0
672.0,James,LEACH,HOUSE,REPRESENTATIVE,R,IA,1.0,L000169,107.0
1383.0,Patrick,LEAHY,SENATE,SENATOR,D,VT,,L000174,113.0
1944.0,Christopher,LEE,HOUSE,REPRESENTATIVE,R,NY,26.0,L000568,111.0
1501.0,Barbara,LEE,HOUSE,REPRESENTATIVE,D,CA,13.0,L000551,113.0
2080.0,Mike,LEE,SENATE,SENATOR,R,UT,,L000577,113.0
679.0,Richard,LEHMAN,HOUSE,,D,CA,,L000225,103.0
,,LEIBERMAN,,,,,,,
1971.0,George,LEMIEUX,SENATE,SENATOR,R,FL,,L000572,111.0
,,LENT,,,,,,,
,,LESKO,,,,,,,
,,LEUTKEMEYER,,,,,,,
683.0,Sander,LEVIN,HOUSE,REPRESENTATIVE,D,MI,9.0,L000263,113.0
1384.0,Carl,LEVIN,SENATE,SENATOR,D,MI,,L000261,113.0
,,LEVINE,,,,,,,
,,LEVINJ,,,,,,,
686.0,David,LEVY,HOUSE,,R,NY,,L000267,103.0
689.0,Ron,LEWIS,HOUSE,REPRESENTATIVE,R,KY,2.0,L000293,107.0
687.0,Jerry,LEWIS,HOUSE,REPRESENTATIVE,R,CA,40.0,L000274,107.0
688.0,John,LEWIS,HOUSE,REPRESENTATIVE,D,GA,5.0,L000287,113.0
,,LIBERMAN,,,,,,,
1385.0,Joseph,LIEBERMAN,SENATE,SENATOR,D,CT,,L000304,107.0
,,LIEBERMANN,,,,,,,
2230.0,Ted,LIEU,HOUSE,REPRESENTATIVE,D,CA,33.0,L000582,114.0
691.0,Jim,LIGHTFOOT,HOUSE,,R,IA,,L000305,103.0
1570.0,Blanche,LINCOLN,HOUSE,,D,AR,,L000035,104.0
693.0,John,LINDER,HOUSE,REPRESENTATIVE,R,GA,11.0,L000321,107.0
,,LIPINKSI,,,,,,,
694.0,William,LIPINSKI,HOUSE,REPRESENTATIVE,D,IL,3.0,L000342,107.0
1781.0,Daniel,LIPINSKI,HOUSE,REPRESENTATIVE,D,IL,3.0,L000563,113.0
696.0,Bob,LIVINGSTON,HOUSE,REPRESENTATIVE,R,LA,1.0,L000371,105.0
,,LIVINGSTONE,,,,,,,
698.0,Marilyn,LLOYD,HOUSE,,D,TN,,L000381,103.0
699.0,Frank,LOBIONDO,HOUSE,REPRESENTATIVE,R,NJ,2.0,L000554,113.0
1846.0,David,LOEBSACK,HOUSE,REPRESENTATIVE,D,IA,2.0,L000565,113.0
701.0,Zoe,LOFGREN,HOUSE,REPRESENTATIVE,D,CA,19.0,L000397,113.0
2033.0,Billy,LONG,HOUSE,REPRESENTATIVE,R,MO,7.0,L000576,113.0
,,LONGELY,,,,,,,
706.0,James,LONGLEY,HOUSE,,R,ME,,L000431,104.0
707.0,Trent,LOTT,SENATE,SENATOR,R,MS,,L000447,107.0
2238.0,Barry,LOUDERMILK,HOUSE,REPRESENTATIVE,R,GA,11.0,L000583,114.0
2271.0,Mia,LOVE,HOUSE,REPRESENTATIVE,R,UT,4.0,L000584,114.0
2111.0,Alan,LOWENTHAL,HOUSE,REPRESENTATIVE,D,CA,47.0,L000579,113.0
,,LOWERY,,,,,,,
709.0,Nita,LOWEY,HOUSE,REPRESENTATIVE,D,NY,17.0,L000480,113.0
,,LOWNETHAL,,,,,,,
1562.0,Ken,LUCAS,HOUSE,REPRESENTATIVE,D,KY,4.0,L000558,107.0
711.0,Frank,LUCAS,HOUSE,REPRESENTATIVE,R,OK,3.0,L000491,113.0
1931.0,Blaine,LUETKEMEYER,HOUSE,REPRESENTATIVE,R,MO,3.0,L000569,113.0
1387.0,Richard,LUGAR,SENATE,SENATOR,R,IN,,L000504,107.0
1939.0,Ben,LUJAN,HOUSE,REPRESENTATIVE,D,NM,3.0,L000570,113.0
2146.0,Michelle,LUJAN GRISHAM,HOUSE,REPRESENTATIVE,D,NM,1.0,L000580,113.0
1960.0,Cynthia,LUMMIS,HOUSE,REPRESENTATIVE,R,WY,0.0,L000571,113.0
717.0,Daniel,LUNGREN,HOUSE,REPRESENTATIVE,R,CA,3.0,L000517,112.0
718.0,Bill,LUTHER,HOUSE,REPRESENTATIVE,D,MN,6.0,L000521,107.0
1686.0,Stephen,LYNCH,HOUSE,REPRESENTATIVE,D,MA,8.0,L000562,113.0
,,M,,,,,,,
2258.0,Thomas,MACARTHUR,HOUSE,REPRESENTATIVE,R,NJ,3.0,M001193,114.0
720.0,Ronald,MACHTLEY,HOUSE,,R,RI,,M000015,103.0
1776.0,Connie,MACK,HOUSE,REPRESENTATIVE,R,FL,14.0,M001155,112.0
721.0,Connie,MACK,SENATE,SENATOR,R,FL,,M000019,106.0
1943.0,Daniel,MAFFEI,HOUSE,REPRESENTATIVE,D,NY,24.0,M001171,113.0
,,MAGUIRE,,,,,,,
1841.0,Tim,MAHONEY,HOUSE,REPRESENTATIVE,D,FL,16.0,M001164,110.0
1719.0,Denise,MAJETTE,HOUSE,REPRESENTATIVE,D,GA,4.0,M001145,108.0
729.0,Carolyn,MALONEY,HOUSE,REPRESENTATIVE,D,NY,12.0,M000087,113.0
2150.0,Sean,MALONEY,HOUSE,REPRESENTATIVE,D,NY,18.0,M001185,113.0
1502.0,James,MALONEY,HOUSE,REPRESENTATIVE,D,CT,5.0,M000090,107.0
1983.0,Joe,MANCHIN,SENATE,SENATOR,D,WV,,M001183,113.0
,,MANDELA,,,,,,,
730.0,David,MANN,HOUSE,,D,OH,,M000100,103.0
732.0,Thomas,MANTON,HOUSE,REPRESENTATIVE,D,NY,7.0,M000117,105.0
733.0,Donald,MANZULLO,HOUSE,REPRESENTATIVE,R,IL,16.0,M001138,107.0
,,MAOKLEY,,,,,,,
1806.0,Kenny,MARCHANT,HOUSE,REPRESENTATIVE,R,TX,24.0,M001158,113.0
2053.0,Tom,MARINO,HOUSE,REPRESENTATIVE,R,PA,10.0,M001179,113.0
735.0,Edward,MARKEY,SENATE,SENATOR,D,MA,,M000133,113.0
1911.0,Betsy,MARKEY,HOUSE,REPRESENTATIVE,D,CO,4.0,M001172,111.0
1718.0,Jim,MARSHALL,HOUSE,REPRESENTATIVE,D,GA,8.0,M001146,110.0
,,MARTIN,,,,,,,
743.0,Matthew,MARTINEZ,HOUSE,REPRESENTATIVE,R,CA,31.0,M000206,106.0
1769.0,Mel,MARTINEZ,SENATE,SENATOR,R,FL,,M001162,110.0
744.0,William,MARTINI,HOUSE,,R,NJ,,M000207,104.0
745.0,Frank,MASCARA,HOUSE,REPRESENTATIVE,D,PA,20.0,M000212,107.0
1945.0,Eric,MASSA,HOUSE,REPRESENTATIVE,D,NY,29.0,M001173,111.0
2094.0,Thomas,MASSIE,HOUSE,REPRESENTATIVE,R,KY,4.0,M001184,113.0
2322.0,Brian,MAST,HOUSE,,R,FL,,M001199,115.0
1671.0,Jim,MATHESON,HOUSE,REPRESENTATIVE,D,UT,4.0,M001142,113.0
1390.0,Harlan,MATHEWS,SENATE,,D,TN,,M000236,103.0
,,MATSU,,,,,,,
748.0,Robert,MATSUI,HOUSE,REPRESENTATIVE,D,CA,5.0,M000249,107.0
1814.0,Doris,MATSUI,HOUSE,REPRESENTATIVE,D,CA,6.0,M001163,113.0
,,MATSUNAGA,,,,,,,
753.0,Romano,MAZZOLI,HOUSE,,D,KY,,M000291,103.0
2195.0,Vance,MCALLISTER,HOUSE,REPRESENTATIVE,R,LA,5.0,M001192,113.0
754.0,John,MCCAIN,SENATE,SENATOR,R,AZ,,M000303,113.0
,,MCCALL,,,,,,,
755.0,Alfred,MCCANDLESS,HOUSE,,R,CA,,M000306,103.0
1503.0,Carolyn,MCCARTHY,HOUSE,REPRESENTATIVE,D,NY,4.0,M000309,113.0
1833.0,Kevin,MCCARTHY,HOUSE,REPRESENTATIVE,R,CA,23.0,M001165,113.0
756.0,Karen,MCCARTHY,HOUSE,REPRESENTATIVE,D,MO,5.0,M000316,107.0
1820.0,Claire,MCCASKILL,SENATE,SENATOR,D,MO,,M001170,113.0
1804.0,Michael,MCCAUL,HOUSE,REPRESENTATIVE,R,TX,10.0,M001157,113.0
1908.0,Tom,MCCLINTOCK,HOUSE,REPRESENTATIVE,R,CA,4.0,M001177,113.0
761.0,Bill,MCCOLLUM,HOUSE,REPRESENTATIVE,R,FL,8.0,M000350,106.0
1653.0,Betty,MCCOLLUM,HOUSE,REPRESENTATIVE,D,MN,4.0,M001143,113.0
1395.0,Mitch,MCCONNELL,SENATE,SENATOR,R,KY,,M000355,113.0
1732.0,Thaddeus,MCCOTTER,HOUSE,REPRESENTATIVE,R,MI,11.0,M001147,112.0
763.0,Jim,MCCRERY,HOUSE,REPRESENTATIVE,R,LA,4.0,M000388,107.0
765.0,Joseph,MCDADE,HOUSE,REPRESENTATIVE,R,PA,10.0,M000399,105.0
766.0,Jim,MCDERMOTT,HOUSE,REPRESENTATIVE,D,WA,7.0,M000404,113.0
1504.0,James,MCGOVERN,HOUSE,REPRESENTATIVE,D,MA,2.0,M000312,113.0
772.0,Paul,MCHALE,HOUSE,REPRESENTATIVE,D,PA,15.0,M000466,105.0
1792.0,Patrick,MCHENRY,HOUSE,REPRESENTATIVE,R,NC,10.0,M001156,113.0
773.0,John,MCHUGH,HOUSE,REPRESENTATIVE,R,NY,24.0,M000472,107.0
775.0,Scott,MCINNIS,HOUSE,REPRESENTATIVE,R,CO,3.0,M000477,107.0
776.0,David,MCINTOSH,HOUSE,REPRESENTATIVE,R,IN,2.0,M000481,106.0
1505.0,Mike,MCINTYRE,HOUSE,REPRESENTATIVE,D,NC,7.0,M000485,113.0
778.0,Howard,MCKEON,HOUSE,REPRESENTATIVE,R,CA,25.0,M000508,107.0
2074.0,David,MCKINLEY,HOUSE,REPRESENTATIVE,R,WV,1.0,M001180,113.0
780.0,Cynthia,MCKINNEY,HOUSE,REPRESENTATIVE,D,GA,4.0,M000523,107.0
1941.0,Michael,MCMAHON,HOUSE,REPRESENTATIVE,D,NY,13.0,M001174,111.0
1809.0,Cathy,MCMORRIS RODGERS,HOUSE,REPRESENTATIVE,R,WA,5.0,M001159,113.0
1832.0,Jerry,MCNERNEY,HOUSE,REPRESENTATIVE,D,CA,9.0,M001166,113.0
785.0,Michael,MCNULTY,HOUSE,REPRESENTATIVE,D,NY,21.0,M000590,107.0
2225.0,Martha,MCSALLY,HOUSE,REPRESENTATIVE,R,AZ,2.0,M001197,114.0
2142.0,Mark,MEADOWS,HOUSE,REPRESENTATIVE,R,NC,11.0,M001187,113.0
,,MEEDS,,,,,,,
,,MEEEHAN,,,,,,,
2052.0,Patrick,MEEHAN,HOUSE,REPRESENTATIVE,R,PA,7.0,M001181,113.0
788.0,Martin,MEEHAN,HOUSE,REPRESENTATIVE,D,MA,5.0,M000627,107.0
789.0,Carrie,MEEK,HOUSE,REPRESENTATIVE,D,FL,17.0,M000628,107.0
1715.0,Kendrick,MEEK,HOUSE,REPRESENTATIVE,D,FL,17.0,M001148,110.0
1506.0,Gregory,MEEKS,HOUSE,REPRESENTATIVE,D,NY,5.0,M001137,113.0
1786.0,Charlie,MELANCON,HOUSE,REPRESENTATIVE,D,LA,3.0,M001161,110.0
,,MENDENDEZ,,,,,,,
,,MENDENEZ,,,,,,,
,,MENEDEZ,,,,,,,
,,MENENDAZ,,,,,,,
791.0,Robert,MENENDEZ,SENATE,SENATOR,D,NJ,,M000639,113.0
2148.0,Grace,MENG,HOUSE,REPRESENTATIVE,D,NY,6.0,M001188,113.0
1900.0,Jeff,MERKLEY,SENATE,SENATOR,D,OR,,M001176,113.0
2130.0,Luke,MESSER,HOUSE,REPRESENTATIVE,R,IN,6.0,M001189,113.0
792.0,Jack,METCALF,HOUSE,REPRESENTATIVE,R,WA,2.0,M000669,106.0
1400.0,Howard,METZENBAUM,SENATE,,D,OH,,M000678,103.0
794.0,Jan,MEYERS,HOUSE,,R,KS,,M000684,104.0
798.0,Kweisi,MFUME,HOUSE,,D,MD,,M000687,103.0
800.0,John,MICA,HOUSE,REPRESENTATIVE,R,FL,7.0,M000689,113.0
1730.0,Michael,MICHAUD,HOUSE,REPRESENTATIVE,D,ME,2.0,M001149,113.0
801.0,Robert,MICHEL,HOUSE,,R,IL,,M000692,103.0
,,MIKUKSKI,,,,,,,
,,MIKULKSI,,,,,,,
,N/A,MIKULSI,N/A,N/A,N/A,N/A,,N/A,
802.0,Barbara,MIKULSKI,SENATE,SENATOR,D,MD,,M000702,113.0
,,MIKULSKY,,,,,,,
,,MILKULSKI,,,,,,,
805.0,Juanita,MILLENDER-MCDONALD,HOUSE,REPRESENTATIVE,D,CA,37.0,M000714,107.0
1584.0,Gary,MILLER,HOUSE,REPRESENTATIVE,R,CA,31.0,M001139,113.0
1731.0,Candice,MILLER,HOUSE,REPRESENTATIVE,R,MI,10.0,M001150,113.0
1624.0,Zell,MILLER,SENATE,SENATOR,D,GA,,M001141,107.0
1685.0,Jeff,MILLER,HOUSE,REPRESENTATIVE,R,FL,1.0,M001144,113.0
807.0,Dan,MILLER,HOUSE,REPRESENTATIVE,R,FL,13.0,M000720,107.0
808.0,George,MILLER,HOUSE,REPRESENTATIVE,D,CA,11.0,M000725,113.0
1735.0,Brad,MILLER,HOUSE,REPRESENTATIVE,D,NC,13.0,M001154,112.0
812.0,Norman,MINETA,HOUSE,,D,CA,,M000794,103.0
813.0,David,MINGE,HOUSE,REPRESENTATIVE,D,MN,2.0,M000795,106.0
815.0,Patsy,MINK,HOUSE,REPRESENTATIVE,D,HI,2.0,M000797,107.0
1918.0,Walter,MINNICK,HOUSE,REPRESENTATIVE,D,ID,1.0,M001175,111.0
1830.0,Harry,MITCHELL,HOUSE,REPRESENTATIVE,D,AZ,5.0,M001167,110.0
,,MOAKELY,,,,,,,
,,MOAKEY,,,,,,,
820.0,John,MOAKLEY,HOUSE,REPRESENTATIVE,D,MA,9.0,M000834,106.0
823.0,Susan,MOLINARI,HOUSE,REPRESENTATIVE,R,NY,13.0,M000843,105.0
824.0,Alan,MOLLOHAN,HOUSE,REPRESENTATIVE,D,WV,1.0,M000844,107.0
,,MOLONEY,,,,,,,
827.0,G.,MONTGOMERY,HOUSE,,D,MS,,M000865,103.0
2248.0,John,MOOLENAAR,HOUSE,REPRESENTATIVE,R,MI,4.0,M001194,114.0
2277.0,Alexander,MOONEY,HOUSE,REPRESENTATIVE,R,WV,2.0,M001195,114.0
1811.0,Gwen,MOORE,HOUSE,REPRESENTATIVE,D,WI,4.0,M001160,113.0
1561.0,Dennis,MOORE,HOUSE,REPRESENTATIVE,D,KS,3.0,M001140,107.0
830.0,Carlos,MOORHEAD,HOUSE,,R,CA,,M000926,103.0
1507.0,Jerry,MORAN,SENATE,SENATOR,R,KS,,M000934,113.0
832.0,James,MORAN,HOUSE,REPRESENTATIVE,D,VA,8.0,M000933,113.0
833.0,Constance,MORELLA,HOUSE,REPRESENTATIVE,R,MD,8.0,M000941,107.0
1405.0,Carol,MOSELEY-BRAUN,SENATE,SENATOR,D,IL,,M001025,105.0
2246.0,Seth,MOULTON,HOUSE,REPRESENTATIVE,D,MA,6.0,M001196,114.0
,,MOYER,,,,,,,
,,MOYHIHAN,,,,,,,
,,MOYNIHAM,,,,,,,
1407.0,Daniel,MOYNIHAN,SENATE,SENATOR,D,NY,,M001054,106.0
,,MUKOWSKI,,,,,,,
,,MUKULSKI,,,,,,,
2156.0,Markwayne,MULLIN,HOUSE,REPRESENTATIVE,R,OK,2.0,M001190,113.0
,,MULVA,,,,,,,
2059.0,Mick,MULVANEY,HOUSE,REPRESENTATIVE,R,SC,5.0,M001182,113.0
,,MURKOSWKI,,,,,,,
,,MURKOWKSI,,,,,,,
1408.0,Frank,MURKOWSKI,SENATE,SENATOR,R,AK,,M001085,107.0
1694.0,Lisa,MURKOWSKI,SENATE,SENATOR,R,AK,,M001153,113.0
841.0,Austin,MURPHY,HOUSE,,D,PA,,M001088,103.0
2117.0,Patrick,MURPHY,HOUSE,REPRESENTATIVE,D,FL,18.0,M001191,113.0
1744.0,Tim,MURPHY,HOUSE,REPRESENTATIVE,R,PA,18.0,M001151,113.0
1968.0,Scott,MURPHY,HOUSE,REPRESENTATIVE,D,NY,20.0,M001178,111.0
1875.0,Patrick,MURPHY,HOUSE,REPRESENTATIVE,D,PA,8.0,M001168,110.0
1837.0,Christopher,MURPHY,SENATE,SENATOR,D,CT,,M001169,113.0
1409.0,Patty,MURRAY,SENATE,SENATOR,D,WA,,M001111,113.0
,,MURRY,,,,,,,
844.0,John,MURTHA,HOUSE,REPRESENTATIVE,D,PA,12.0,M001120,107.0
1711.0,Marilyn,MUSGRAVE,HOUSE,REPRESENTATIVE,R,CO,4.0,M001152,110.0
847.0,John,MYERS,HOUSE,,R,IN,,M001130,104.0
849.0,Sue,MYRICK,HOUSE,REPRESENTATIVE,R,NC,9.0,M001134,107.0
,,N,,,,,,,
850.0,Jerrold,NADLER,HOUSE,REPRESENTATIVE,D,NY,10.0,N000002,113.0
1602.0,Grace,NAPOLITANO,HOUSE,REPRESENTATIVE,D,CA,32.0,N000179,113.0
853.0,William,NATCHER,HOUSE,,D,KY,,N000009,103.0
854.0,Richard,NEAL,HOUSE,REPRESENTATIVE,D,MA,1.0,N000015,113.0
,,NEDZI,,,,,,,
2108.0,Gloria,NEGRETE MCLEOD,HOUSE,REPRESENTATIVE,D,CA,35.0,N000187,113.0
1627.0,Ben,NELSON,SENATE,SENATOR,D,NE,,N000180,107.0
859.0,Bill,NELSON,SENATE,SENATOR,D,FL,,N000032,113.0
860.0,George,NETHERCUTT,HOUSE,REPRESENTATIVE,R,WA,5.0,N000051,107.0
1758.0,Randy,NEUGEBAUER,HOUSE,REPRESENTATIVE,R,TX,19.0,N000182,113.0
861.0,Mark,NEUMANN,HOUSE,REPRESENTATIVE,R,WI,1.0,N000054,105.0
2275.0,Dan,NEWHOUSE,HOUSE,REPRESENTATIVE,R,WA,4.0,N000189,114.0
862.0,Robert,NEY,HOUSE,REPRESENTATIVE,R,OH,18.0,N000081,107.0
,,NICKELS,,,,,,,
1412.0,Don,NICKLES,SENATE,SENATOR,R,OK,,N000102,107.0
2060.0,Kristi,NOEM,HOUSE,REPRESENTATIVE,R,SD,0.0,N000184,113.0
867.0,Richard,NOLAN,HOUSE,REPRESENTATIVE,D,MN,8.0,N000127,113.0
2202.0,Donald,NORCROSS,HOUSE,REPRESENTATIVE,D,NJ,1.0,N000188,114.0
2361.0,Ralph,NORMAN,HOUSE,,R,SC,,N000190,115.0
,,NORTHRUP,,,,,,,
1508.0,Anne,NORTHUP,HOUSE,REPRESENTATIVE,R,KY,3.0,N000143,107.0
868.0,Eleanor,NORTON,HOUSE,DELEGATE,D,DC,,N000147,113.0
869.0,Charles,NORWOOD,HOUSE,REPRESENTATIVE,R,GA,10.0,N000159,107.0
,,NORWOOOD,,,,,,,
2001.0,Richard,NUGENT,HOUSE,REPRESENTATIVE,R,FL,11.0,N000185,113.0
1710.0,Devin,NUNES,HOUSE,REPRESENTATIVE,R,CA,22.0,N000181,113.0
1413.0,Sam,NUNN,SENATE,,D,GA,,N000171,103.0
2034.0,Alan,NUNNELEE,HOUSE,REPRESENTATIVE,R,MS,1.0,N000186,113.0
,,NUSSEL,,,,,,,
871.0,Jim,NUSSLE,HOUSE,REPRESENTATIVE,R,IA,2.0,N000172,107.0
1957.0,Glenn,NYE,HOUSE,REPRESENTATIVE,D,VA,2.0,N000183,111.0
,,O,,,,,,,
2162.0,Beto,O'ROURKE,HOUSE,REPRESENTATIVE,D,TX,16.0,O000170,113.0
1763.0,Barack,OBAMA,SENATE,SENATOR,D,IL,,O000167,110.0
876.0,James,OBERSTAR,HOUSE,REPRESENTATIVE,D,MN,8.0,O000006,107.0
877.0,David,OBEY,HOUSE,REPRESENTATIVE,D,WI,7.0,O000007,107.0
,,OLIVER,,,,,,,
,,OLSEN,,,,,,,
1955.0,Pete,OLSON,HOUSE,REPRESENTATIVE,R,TX,22.0,O000168,113.0
879.0,John,OLVER,HOUSE,REPRESENTATIVE,D,MA,1.0,O000085,107.0
,,ORITZ,,,,,,,
880.0,Solomon,ORTIZ,HOUSE,REPRESENTATIVE,D,TX,27.0,O000107,107.0
881.0,Bill,ORTON,HOUSE,,D,UT,,O000108,103.0
1658.0,Tom,OSBORNE,HOUSE,REPRESENTATIVE,R,NE,3.0,O000165,107.0
1585.0,Doug,OSE,HOUSE,REPRESENTATIVE,R,CA,3.0,O000164,107.0
,,OTT,,,,,,,
1646.0,C.,OTTER,HOUSE,REPRESENTATIVE,R,ID,1.0,O000166,107.0
,,OWEN,,,,,,,
883.0,Major,OWENS,HOUSE,REPRESENTATIVE,D,NY,11.0,O000159,107.0
1974.0,William,OWENS,HOUSE,REPRESENTATIVE,D,NY,21.0,O000169,113.0
885.0,Michael,OXLEY,HOUSE,REPRESENTATIVE,R,OH,4.0,O000163,107.0
,,P,,,,,,,
886.0,Ron,PACKARD,HOUSE,REPRESENTATIVE,R,CA,48.0,P000005,106.0
1414.0,Bob,PACKWOOD,SENATE,,R,OR,,P000009,103.0
2035.0,Steven,PALAZZO,HOUSE,REPRESENTATIVE,R,MS,4.0,P000601,113.0
887.0,Frank,PALLONE,HOUSE,REPRESENTATIVE,D,NJ,6.0,P000034,113.0
2221.0,Gary,PALMER,HOUSE,REPRESENTATIVE,R,AL,6.0,P000609,114.0
2309.0,Jimmy,PANETTA,HOUSE,,D,CA,,P000613,115.0
1509.0,Michael,PAPPAS,HOUSE,REPRESENTATIVE,R,NJ,12.0,P000049,105.0
889.0,Mike,PARKER,HOUSE,REPRESENTATIVE,R,MS,4.0,P000066,105.0
1510.0,Bill,PASCRELL,HOUSE,REPRESENTATIVE,D,NJ,9.0,P000096,113.0
,,PASHARD,,,,,,,
893.0,Ed,PASTOR,HOUSE,REPRESENTATIVE,D,AZ,7.0,P000099,113.0
900.0,Ron,PAUL,HOUSE,REPRESENTATIVE,R,TX,14.0,P000583,107.0
2082.0,Rand,PAUL,SENATE,SENATOR,R,KY,,P000603,113.0
1930.0,Erik,PAULSEN,HOUSE,REPRESENTATIVE,R,MN,3.0,P000594,113.0
901.0,Bill,PAXON,HOUSE,REPRESENTATIVE,R,NY,27.0,P000148,105.0
902.0,Donald,PAYNE,HOUSE,REPRESENTATIVE,D,NJ,10.0,P000149,107.0
2097.0,Donald,PAYNE,HOUSE,REPRESENTATIVE,D,NJ,10.0,P000604,113.0
1738.0,Stevan,PEARCE,HOUSE,REPRESENTATIVE,R,NM,2.0,P000588,113.0
1511.0,Edward,PEASE,HOUSE,REPRESENTATIVE,R,IN,7.0,P000171,106.0
1417.0,Claiborne,PELL,SENATE,,D,RI,,P000193,103.0
905.0,Nancy,PELOSI,HOUSE,REPRESENTATIVE,D,CA,12.0,P000197,113.0
1649.0,Mike,PENCE,HOUSE,REPRESENTATIVE,R,IN,2.0,P000587,107.0
906.0,Timothy,PENNY,HOUSE,,D,MN,,P000215,103.0
2286.0,David,PERDUE,SENATE,SENATOR,R,GA,,P000612,114.0
1835.0,Ed,PERLMUTTER,HOUSE,REPRESENTATIVE,D,CO,7.0,P000593,113.0
1958.0,Thomas,PERRIELLO,HOUSE,REPRESENTATIVE,D,VA,5.0,P000600,111.0
2157.0,Scott,PERRY,HOUSE,REPRESENTATIVE,R,PA,4.0,P000605,113.0
2113.0,Scott,PETERS,HOUSE,REPRESENTATIVE,D,CA,52.0,P000608,113.0
1929.0,Gary,PETERS,HOUSE,REPRESENTATIVE,D,MI,14.0,P000595,113.0
910.0,Collin,PETERSON,HOUSE,REPRESENTATIVE,D,MN,7.0,P000258,113.0
1512.0,John,PETERSON,HOUSE,REPRESENTATIVE,R,PA,5.0,P000263,107.0
911.0,Douglas,PETERSON,HOUSE,,D,FL,,P000259,104.0
912.0,Thomas,PETRI,HOUSE,REPRESENTATIVE,R,WI,6.0,P000265,113.0
1586.0,David,PHELPS,HOUSE,REPRESENTATIVE,D,IL,19.0,P000584,107.0
1513.0,Charles,PICKERING,HOUSE,REPRESENTATIVE,R,MS,3.0,P000323,107.0
916.0,Owen,PICKETT,HOUSE,REPRESENTATIVE,D,VA,2.0,P000326,106.0
917.0,J.,PICKLE,HOUSE,,D,TX,,P000328,103.0
1953.0,Pedro,PIERLUISI,HOUSE,,D,PR,,P000596,111.0
1927.0,Chellie,PINGREE,HOUSE,REPRESENTATIVE,D,ME,1.0,P000597,113.0
,,PITT,,,,,,,
2141.0,Robert,PITTENGER,HOUSE,REPRESENTATIVE,R,NC,9.0,P000606,113.0
,,PITTINGER,,,,,,,
1514.0,Joseph,PITTS,HOUSE,REPRESENTATIVE,R,PA,16.0,P000373,113.0
2274.0,Stacey,PLASKETT,HOUSE,,D,VI,,P000610,115.0
1667.0,Todd,PLATTS,HOUSE,REPRESENTATIVE,R,PA,19.0,P000585,107.0
2171.0,Mark,POCAN,HOUSE,REPRESENTATIVE,D,WI,2.0,P000607,113.0
1802.0,Ted,POE,HOUSE,REPRESENTATIVE,R,TX,2.0,P000592,113.0
2247.0,Bruce,POLIQUIN,HOUSE,REPRESENTATIVE,R,ME,2.0,P000611,114.0
1910.0,Jared,POLIS,HOUSE,REPRESENTATIVE,D,CO,2.0,P000598,113.0
921.0,Richard,POMBO,HOUSE,REPRESENTATIVE,R,CA,11.0,P000419,107.0
,,POMEREOY,,,,,,,
922.0,Earl,POMEROY,HOUSE,REPRESENTATIVE,D,ND,0.0,P000422,107.0
2022.0,Mike,POMPEO,HOUSE,REPRESENTATIVE,R,KS,4.0,P000602,113.0
,,POMPO,,,,,,,
1739.0,Jon,PORTER,HOUSE,REPRESENTATIVE,R,NV,3.0,P000589,110.0
923.0,John,PORTER,HOUSE,REPRESENTATIVE,R,IL,10.0,P000444,106.0
924.0,Rob,PORTMAN,SENATE,SENATOR,R,OH,,P000449,113.0
1915.0,Bill,POSEY,HOUSE,REPRESENTATIVE,R,FL,8.0,P000599,113.0
925.0,Glenn,POSHARD,HOUSE,REPRESENTATIVE,D,IL,19.0,P000452,105.0
,,PRESIDENT,,,,,,,
927.0,Larry,PRESSLER,SENATE,,R,SD,,P000513,103.0
930.0,David,PRICE,HOUSE,REPRESENTATIVE,D,NC,4.0,P000523,113.0
1778.0,Tom,PRICE,HOUSE,REPRESENTATIVE,R,GA,6.0,P000591,113.0
933.0,Deborah,PRYCE,HOUSE,REPRESENTATIVE,R,OH,15.0,P000555,107.0
1701.0,Mark,PRYOR,SENATE,SENATOR,D,AR,,P000590,113.0
1645.0,Adam,PUTNAM,HOUSE,REPRESENTATIVE,R,FL,12.0,P000586,107.0
1993.0,Benjamin,QUAYLE,HOUSE,REPRESENTATIVE,R,AZ,3.0,Q000024,112.0
1967.0,Mike,QUIGLEY,HOUSE,REPRESENTATIVE,D,IL,5.0,Q000023,113.0
937.0,James,QUILLEN,HOUSE,,R,TN,,Q000013,103.0
938.0,Jack,QUINN,HOUSE,REPRESENTATIVE,R,NY,30.0,Q000016,107.0
,,R,,,,,,,
939.0,George,RADANOVICH,HOUSE,REPRESENTATIVE,R,CA,19.0,R000004,107.0
2118.0,Trey,RADEL,HOUSE,,R,FL,,R000596,113.0
2222.0,Aumua,RADEWAGEN,HOUSE,,R,AS,,R000600,115.0
,,RADONAVICH,,,,,,,
940.0,Nick,RAHALL,HOUSE,,D,WV,,R000011,103.0
942.0,Jim,RAMSTAD,HOUSE,REPRESENTATIVE,R,MN,3.0,R000033,107.0
,,RANDOVICH,,,,,,,
944.0,Charles,RANGEL,HOUSE,REPRESENTATIVE,D,NY,13.0,R000053,113.0
2332.0,Jamie,RASKIN,HOUSE,,D,MD,,R000606,115.0
2268.0,John,RATCLIFFE,HOUSE,REPRESENTATIVE,R,TX,4.0,R000601,114.0
947.0,Arthur,RAVENEL,HOUSE,,R,SC,,R000072,103.0
1515.0,Bill,REDMOND,HOUSE,REPRESENTATIVE,R,NM,3.0,R000567,105.0
949.0,Jack,REED,SENATE,SENATOR,D,RI,,R000122,113.0
1982.0,Tom,REED,HOUSE,REPRESENTATIVE,R,NY,23.0,R000585,114.0
951.0,Ralph,REGULA,HOUSE,REPRESENTATIVE,R,OH,16.0,R000141,107.0
,,REGULAR,,,,,,,
1657.0,Denny,REHBERG,HOUSE,REPRESENTATIVE,R,MT,0.0,R000571,107.0
,,REICH,,,,,,,
1810.0,David,REICHERT,HOUSE,REPRESENTATIVE,R,WA,8.0,R000578,113.0
952.0,Harry,REID,SENATE,SENATOR,D,NV,,R000146,113.0
,,REIGLE,,,,,,,
2048.0,James,RENACCI,HOUSE,REPRESENTATIVE,R,OH,16.0,R000586,113.0
1706.0,Rick,RENZI,HOUSE,REPRESENTATIVE,R,AZ,1.0,R000574,110.0
1516.0,Silvestre,REYES,HOUSE,REPRESENTATIVE,D,TX,16.0,R000170,107.0
1587.0,Thomas,REYNOLDS,HOUSE,REPRESENTATIVE,R,NY,27.0,R000569,107.0
,,RHODES,,,,,,,
2073.0,Reid,RIBBLE,HOUSE,REPRESENTATIVE,R,WI,7.0,R000587,113.0
2262.0,Kathleen,RICE,HOUSE,REPRESENTATIVE,D,NY,4.0,R000602,114.0
2160.0,Tom,RICE,HOUSE,REPRESENTATIVE,R,SC,7.0,R000597,113.0
1883.0,Laura,RICHARDSON,HOUSE,REPRESENTATIVE,D,CA,37.0,R000581,112.0
2023.0,Cedric,RICHMOND,HOUSE,REPRESENTATIVE,D,LA,2.0,R000588,113.0
960.0,Thomas,RIDGE,HOUSE,,R,PA,,R000243,103.0
961.0,Donald,RIEGLE,SENATE,,D,MI,,R000249,103.0
2068.0,E.,RIGELL,HOUSE,REPRESENTATIVE,R,VA,2.0,R000589,113.0
962.0,Frank,RIGGS,HOUSE,REPRESENTATIVE,R,CA,1.0,R000252,105.0
1517.0,Bob,RILEY,HOUSE,REPRESENTATIVE,R,AL,3.0,R000258,107.0
1896.0,James,RISCH,SENATE,SENATOR,R,ID,,R000584,113.0
2007.0,David,RIVERA,HOUSE,REPRESENTATIVE,R,FL,25.0,R000590,112.0
966.0,Lynn,RIVERS,HOUSE,REPRESENTATIVE,D,MI,13.0,R000281,107.0
1423.0,Charles,ROBB,SENATE,SENATOR,D,VA,,R000295,106.0
968.0,Pat,ROBERTS,SENATE,SENATOR,R,KS,,R000307,113.0
1986.0,Martha,ROBY,HOUSE,REPRESENTATIVE,R,AL,2.0,R000591,113.0
,,ROCKEFELER,,,,,,,
1424.0,John,ROCKEFELLER,SENATE,,D,WV,,R000361,103.0
,,ROCKEFFELLER,,,,,,,
,,ROCKEFLLER,,,,,,,
,,ROCKFELLER,,,,,,,
1518.0,Ciro,RODRIGUEZ,HOUSE,REPRESENTATIVE,D,TX,28.0,R000568,107.0
,,RODRIQUEZ,,,,,,,
1954.0,David,ROE,HOUSE,REPRESENTATIVE,R,TN,1.0,R000582,113.0
976.0,Tim,ROEMER,HOUSE,REPRESENTATIVE,D,IN,3.0,R000385,107.0
1519.0,James,ROGAN,HOUSE,REPRESENTATIVE,R,CA,27.0,R000386,106.0
1704.0,Mike,ROGERS,HOUSE,REPRESENTATIVE,R,AL,3.0,R000575,113.0
977.0,Harold,ROGERS,HOUSE,REPRESENTATIVE,R,KY,5.0,R000395,113.0
1651.0,Mike,ROGERS,HOUSE,REPRESENTATIVE,R,MI,8.0,R000572,113.0
979.0,Dana,ROHRABACHER,HOUSE,REPRESENTATIVE,R,CA,48.0,R000409,113.0
,,ROHRABACKER,,,,,,,
,,ROHRBACHER,,,,,,,
2017.0,Todd,ROKITA,HOUSE,REPRESENTATIVE,R,IN,4.0,R000592,113.0
1916.0,Thomas,ROONEY,HOUSE,REPRESENTATIVE,R,FL,17.0,R000583,113.0
985.0,Ileana,ROS-LEHTINEN,HOUSE,REPRESENTATIVE,R,FL,27.0,R000435,113.0
986.0,Charlie,ROSE,HOUSE,,D,NC,,R000436,103.0
2339.0,Jacky,ROSEN,HOUSE,,D,NV,,R000608,115.0
1848.0,Peter,ROSKAM,HOUSE,REPRESENTATIVE,R,IL,6.0,R000580,113.0
1632.0,Mike,ROSS,HOUSE,REPRESENTATIVE,D,AR,4.0,R000573,107.0
2003.0,Dennis,ROSS,HOUSE,REPRESENTATIVE,R,FL,15.0,R000593,113.0
988.0,Dan,ROSTENKOWSKI,HOUSE,,D,IL,,R000458,103.0
989.0,Toby,ROTH,HOUSE,,R,WI,,R000459,103.0
1425.0,William,ROTH JR.,SENATE,SENATOR,R,DE,,R000460,106.0
2158.0,Keith,ROTHFUS,HOUSE,REPRESENTATIVE,R,PA,12.0,R000598,113.0
1520.0,Steven,ROTHMAN,HOUSE,REPRESENTATIVE,D,NJ,9.0,R000462,107.0
990.0,Marge,ROUKEMA,HOUSE,REPRESENTATIVE,R,NJ,5.0,R000465,107.0
,,ROUKENA,,,,,,,
2288.0,Mike,ROUNDS,SENATE,SENATOR,R,SD,,R000605,114.0
2256.0,David,ROUZER,HOUSE,REPRESENTATIVE,R,NC,7.0,R000603,114.0
993.0,J.,ROWLAND,HOUSE,,D,GA,,R000481,103.0
997.0,Lucille,ROYBAL-ALLARD,HOUSE,REPRESENTATIVE,D,CA,40.0,R000486,113.0
998.0,Edward,ROYCE,HOUSE,REPRESENTATIVE,R,CA,39.0,R000487,113.0
2084.0,Marco,RUBIO,SENATE,SENATOR,R,FL,,R000595,113.0
2109.0,Raul,RUIZ,HOUSE,REPRESENTATIVE,D,CA,36.0,R000599,113.0
2039.0,Jon,RUNYAN,HOUSE,REPRESENTATIVE,R,NJ,3.0,R000594,113.0
,,RUNYON,,,,,,,
,,RUPPE,,,,,,,
1728.0,C.,RUPPERSBERGER,HOUSE,REPRESENTATIVE,D,MD,2.0,R000576,113.0
1003.0,Bobby,RUSH,HOUSE,REPRESENTATIVE,D,IL,1.0,R000515,113.0
2265.0,Steve,RUSSELL,HOUSE,REPRESENTATIVE,R,OK,5.0,R000604,114.0
2316.0,John,RUTHERFORD,HOUSE,,R,FL,,R000609,115.0
1560.0,Paul,RYAN,HOUSE,REPRESENTATIVE,R,WI,1.0,R000570,113.0
1756.0,Tim,RYAN,HOUSE,REPRESENTATIVE,D,OH,13.0,R000577,113.0
1521.0,Jim,RYUN,HOUSE,REPRESENTATIVE,R,KS,2.0,R000566,107.0
,,S,,,,,,,
1962.0,Gregorio,SABLAN,HOUSE,,D,MP,,S001177,115.0
1007.0,Martin,SABO,HOUSE,REPRESENTATIVE,D,MN,5.0,S000005,107.0
1762.0,Ken,SALAZAR,SENATE,SENATOR,D,CO,,S001163,110.0
1775.0,John,SALAZAR,HOUSE,REPRESENTATIVE,D,CO,3.0,S001158,110.0
1847.0,Bill,SALI,HOUSE,REPRESENTATIVE,R,ID,1.0,S001167,110.0
1009.0,Matt,SALMON,HOUSE,REPRESENTATIVE,R,AZ,5.0,S000018,113.0
1757.0,Linda,SANCHEZ,HOUSE,REPRESENTATIVE,D,CA,38.0,S001156,113.0
1522.0,Loretta,SANCHEZ,HOUSE,REPRESENTATIVE,D,CA,46.0,S000030,113.0
1010.0,Bernard,SANDERS,SENATE,SENATOR,I,VT,,S000033,113.0
1523.0,Max,SANDLIN,HOUSE,REPRESENTATIVE,D,TX,1.0,S000044,107.0
1012.0,Mark,SANFORD,HOUSE,REPRESENTATIVE,R,SC,1.0,S000051,113.0
1013.0,George,SANGMEISTER,HOUSE,,D,IL,,S000056,103.0
,,SANTORIUM,,,,,,,
1015.0,Rick,SANTORUM,SENATE,SENATOR,R,PA,,S000059,107.0
,,SARASIN,,,,,,,
1854.0,John,SARBANES,HOUSE,REPRESENTATIVE,D,MD,3.0,S001168,113.0
1017.0,Paul,SARBANES,SENATE,SENATOR,D,MD,,S000064,107.0
1018.0,Bill,SARPALIUS,HOUSE,,D,TX,,S000066,103.0
2289.0,Ben,SASSE,SENATE,SENATOR,R,NE,,S001197,114.0
1428.0,Jim,SASSER,SENATE,,D,TN,,S000068,103.0
1022.0,Tom,SAWYER,HOUSE,REPRESENTATIVE,D,OH,14.0,S000094,107.0
,,SAXON,,,,,,,
1023.0,Jim,SAXTON,HOUSE,REPRESENTATIVE,R,NJ,3.0,S000097,107.0
1892.0,Steve,SCALISE,HOUSE,REPRESENTATIVE,R,LA,1.0,S001176,113.0
1025.0,Joe,SCARBOROUGH,HOUSE,REPRESENTATIVE,R,FL,1.0,S000106,106.0
1026.0,Dan,SCHAEFER,HOUSE,REPRESENTATIVE,R,CO,6.0,S000109,105.0
1524.0,Bob,SCHAFFER,HOUSE,REPRESENTATIVE,R,CO,4.0,S000112,107.0
,,SCHAKOWKSY,,,,,,,
1588.0,Janice,SCHAKOWSKY,HOUSE,REPRESENTATIVE,D,IL,9.0,S001145,113.0
2173.0,Brian,SCHATZ,SENATE,SENATOR,D,HI,,S001194,113.0
1928.0,Mark,SCHAUER,HOUSE,REPRESENTATIVE,D,MI,7.0,S001178,111.0
1027.0,Lynn,SCHENK,HOUSE,,D,CA,,S000119,103.0
1030.0,Steven,SCHIFF,HOUSE,REPRESENTATIVE,R,NM,1.0,S000125,105.0
1635.0,Adam,SCHIFF,HOUSE,REPRESENTATIVE,D,CA,28.0,S001150,113.0
2016.0,Robert,SCHILLING,HOUSE,REPRESENTATIVE,R,IL,17.0,S001182,112.0
1815.0,Jean,SCHMIDT,HOUSE,REPRESENTATIVE,R,OH,2.0,S001164,112.0
2124.0,Bradley,SCHNEIDER,HOUSE,REPRESENTATIVE,D,IL,10.0,S001190,113.0
1920.0,Aaron,SCHOCK,HOUSE,REPRESENTATIVE,R,IL,18.0,S001179,113.0
1950.0,Kurt,SCHRADER,HOUSE,REPRESENTATIVE,D,OR,5.0,S001180,113.0
1673.0,Edward,SCHROCK,HOUSE,REPRESENTATIVE,R,VA,2.0,S001151,107.0
1033.0,Patricia,SCHROEDER,HOUSE,,D,CO,,S000142,103.0
,,SCHULZE,,,,,,,
1036.0,Charles,SCHUMER,SENATE,SENATOR,D,NY,,S000148,113.0
,,SCHUSTER,,,,,,,
1798.0,Allyson,SCHWARTZ,HOUSE,REPRESENTATIVE,D,PA,13.0,S001162,113.0
1788.0,John,SCHWARZ,HOUSE,REPRESENTATIVE,R,MI,7.0,S001161,109.0
1994.0,David,SCHWEIKERT,HOUSE,REPRESENTATIVE,R,AZ,6.0,S001183,113.0
2009.0,Austin,SCOTT,HOUSE,REPRESENTATIVE,R,GA,8.0,S001189,113.0
1037.0,Robert,SCOTT,HOUSE,REPRESENTATIVE,D,VA,3.0,S000185,107.0
1722.0,David,SCOTT,HOUSE,REPRESENTATIVE,D,GA,13.0,S001157,113.0
2056.0,Tim,SCOTT,SENATE,SENATOR,R,SC,,S001184,113.0
,,SEASTAND,,,,,,,
1038.0,Andrea,SEASTRAND,HOUSE,,R,CA,,S000213,104.0
,,SEATRAND,,,,,,,
,,SELBY,,,,,,,
,,SENNIONS,,,,,,,
,,SENNSENBRENNER,,,,,,,
1041.0,F.,SENSENBRENNER,HOUSE,REPRESENTATIVE,R,WI,5.0,S000244,113.0
1042.0,Jose,SERRANO,HOUSE,REPRESENTATIVE,D,NY,15.0,S000248,113.0
,,SESSIIONS,,,,,,,
,,SESSION,,,,,,,
1525.0,Pete,SESSIONS,HOUSE,REPRESENTATIVE,R,TX,32.0,S000250,113.0
1548.0,Jeff,SESSIONS,SENATE,SENATOR,R,AL,,S001141,113.0
1874.0,Joe,SESTAK,HOUSE,REPRESENTATIVE,D,PA,7.0,S001169,110.0
1988.0,Terri,SEWELL,HOUSE,REPRESENTATIVE,D,AL,7.0,S001185,113.0
1043.0,John,SHADEGG,HOUSE,REPRESENTATIVE,R,AZ,4.0,S000275,107.0
,,SHAEFER,,,,,,,
,,SHAFFER,,,,,,,
1901.0,Jeanne,SHAHEEN,SENATE,SENATOR,D,NH,,S001181,113.0
1046.0,Philip,SHARP,HOUSE,,D,IN,,S000294,103.0
1047.0,E.,SHAW,HOUSE,REPRESENTATIVE,R,FL,22.0,S000303,107.0
,,SHAY,,,,,,,
1048.0,Christopher,SHAYS,HOUSE,REPRESENTATIVE,R,CT,4.0,S001144,107.0
1861.0,Carol,SHEA-PORTER,HOUSE,REPRESENTATIVE,D,NH,1.0,S001170,113.0
1049.0,Richard,SHELBY,SENATE,SENATOR,R,AL,,S000320,113.0
,,SHELTON,,,,,,,
1050.0,Karen,SHEPHERD,HOUSE,,D,UT,,S000332,103.0
1526.0,Brad,SHERMAN,HOUSE,REPRESENTATIVE,D,CA,30.0,S000344,113.0
1589.0,Don,SHERWOOD,HOUSE,REPRESENTATIVE,R,PA,10.0,S001146,107.0
1527.0,John,SHIMKUS,HOUSE,REPRESENTATIVE,R,IL,15.0,S000364,113.0
1565.0,Ronnie,SHOWS,HOUSE,REPRESENTATIVE,D,MS,4.0,S001147,107.0
,,SHROCK,,,,,,,
1859.0,Heath,SHULER,HOUSE,REPRESENTATIVE,D,NC,11.0,S001171,112.0
1681.0,Bill,SHUSTER,HOUSE,REPRESENTATIVE,R,PA,9.0,S001154,113.0
1055.0,Bud,SHUSTER,HOUSE,REPRESENTATIVE,R,PA,9.0,S000394,106.0
1642.0,Rob,SIMMONS,HOUSE,REPRESENTATIVE,R,CT,2.0,S001152,107.0
,,SIMMS,,,,,,,
1059.0,Paul,SIMON,SENATE,,D,IL,,S000423,103.0
1590.0,Michael,SIMPSON,HOUSE,REPRESENTATIVE,R,ID,2.0,S001148,113.0
2099.0,Kyrsten,SINEMA,HOUSE,REPRESENTATIVE,D,AZ,9.0,S001191,113.0
1818.0,Albio,SIRES,HOUSE,REPRESENTATIVE,D,NJ,8.0,S001165,113.0
1060.0,Norman,SISISKY,HOUSE,REPRESENTATIVE,D,VA,4.0,S000453,106.0
1062.0,David,SKAGGS,HOUSE,REPRESENTATIVE,D,CO,2.0,S000462,105.0
1063.0,Joe,SKEEN,HOUSE,REPRESENTATIVE,R,NM,2.0,S000463,107.0
,,SKELETON,,,,,,,
1064.0,Ike,SKELTON,HOUSE,REPRESENTATIVE,D,MO,4.0,S000465,107.0
1067.0,Jim,SLATTERY,HOUSE,,D,KS,,S000477,103.0
1069.0,Louise,SLAUGHTER,HOUSE,REPRESENTATIVE,D,NY,25.0,S000480,113.0
1549.0,Gordon,SMITH,SENATE,SENATOR,R,OR,,S001142,107.0
1860.0,Adrian,SMITH,HOUSE,REPRESENTATIVE,R,NE,3.0,S001172,113.0
1078.0,Linda,SMITH,HOUSE,REPRESENTATIVE,R,WA,3.0,S000587,105.0
2191.0,Jason,SMITH,HOUSE,REPRESENTATIVE,R,MO,8.0,S001195,113.0
1075.0,Lamar,SMITH,HOUSE,REPRESENTATIVE,R,TX,21.0,S000583,113.0
1083.0,Robert,SMITH,HOUSE,REPRESENTATIVE,R,OR,2.0,S000607,105.0
1082.0,Bob,SMITH,SENATE,SENATOR,R,NH,,S000606,107.0
1071.0,Christopher,SMITH,HOUSE,REPRESENTATIVE,R,NJ,4.0,S000522,113.0
1528.0,Adam,SMITH,HOUSE,REPRESENTATIVE,D,WA,9.0,S000510,113.0
1080.0,Nick,SMITH,HOUSE,REPRESENTATIVE,R,MI,7.0,S000597,107.0
2346.0,Lloyd,SMUCKER,HOUSE,,R,PA,,S001199,115.0
,,SNOW,,,,,,,
1529.0,Vince,SNOWBARGER,HOUSE,REPRESENTATIVE,R,KS,3.0,S000662,105.0
1085.0,Olympia,SNOWE,SENATE,SENATOR,R,ME,,S000663,107.0
1530.0,Vic,SNYDER,HOUSE,REPRESENTATIVE,D,AR,2.0,S000672,107.0
1783.0,Michael,SODREL,HOUSE,REPRESENTATIVE,R,IN,9.0,S001160,109.0
1636.0,Hilda,SOLIS,HOUSE,REPRESENTATIVE,D,CA,31.0,S001153,107.0
1088.0,Gerald,SOLOMON,HOUSE,REPRESENTATIVE,R,NY,22.0,S000675,105.0
2319.0,Darren,SOTO,HOUSE,,D,FL,,S001200,115.0
1089.0,Mark,SOUDER,HOUSE,REPRESENTATIVE,R,IN,4.0,S001143,107.0
2000.0,Steve,SOUTHERLAND,HOUSE,,R,FL,,S001186,112.0
1871.0,Zachary,SPACE,HOUSE,REPRESENTATIVE,D,OH,18.0,S001173,110.0
,,SPEAKER,,,,,,,
1437.0,Arlen,SPECTER,SENATE,SENATOR,R,PA,,S000709,107.0
,,SPECTOR,,,,,,,
1890.0,Jackie,SPEIER,HOUSE,REPRESENTATIVE,D,CA,14.0,S001175,113.0
1091.0,Floyd,SPENCE,HOUSE,REPRESENTATIVE,R,SC,2.0,S000718,106.0
,,SPIEIR,,,,,,,
1092.0,John,SPRATT,HOUSE,REPRESENTATIVE,D,SC,5.0,S000749,107.0
1531.0,Debbie,STABENOW,SENATE,SENATOR,D,MI,,S000770,113.0
1101.0,Fortney,STARK,HOUSE,REPRESENTATIVE,D,CA,13.0,S000810,107.0
1103.0,Cliff,STEARNS,HOUSE,REPRESENTATIVE,R,FL,6.0,S000822,107.0
,,STEBENOW,,,,,,,
2263.0,Elise,STEFANIK,HOUSE,REPRESENTATIVE,R,NY,21.0,S001196,114.0
1110.0,Charles,STENHOLM,HOUSE,REPRESENTATIVE,D,TX,17.0,S000851,107.0
,,STENHOLN,,,,,,,
,,STERNS,,,,,,,
,,STEVEN,,,,,,,
1440.0,Ted,STEVENS,SENATE,SENATOR,R,AK,,S000888,107.0
2168.0,Chris,STEWART,HOUSE,REPRESENTATIVE,R,UT,2.0,S001192,113.0
2047.0,Steve,STIVERS,HOUSE,REPRESENTATIVE,R,OH,15.0,S001187,113.0
1114.0,Steve,STOCKMAN,HOUSE,REPRESENTATIVE,R,TX,36.0,S000937,113.0
,,STOKER,,,,,,,
1115.0,Louis,STOKES,HOUSE,REPRESENTATIVE,D,OH,11.0,S000948,105.0
2357.0,Luther,STRANGE,SENATE,,R,AL,,S001202,115.0
1118.0,Ted,STRICKLAND,HOUSE,REPRESENTATIVE,D,OH,6.0,S001004,107.0
1121.0,Gerry,STUDDS,HOUSE,,D,MA,,S001040,103.0
1122.0,Bob,STUMP,HOUSE,REPRESENTATIVE,R,AZ,3.0,S001044,107.0
1123.0,Bart,STUPAK,HOUSE,REPRESENTATIVE,D,MI,1.0,S001045,107.0
1981.0,Marlin,STUTZMAN,HOUSE,REPRESENTATIVE,R,IN,3.0,S001188,113.0
1689.0,John,SULLIVAN,HOUSE,REPRESENTATIVE,R,OK,1.0,S001155,107.0
2290.0,Dan,SULLIVAN,SENATE,SENATOR,R,AK,,S001198,114.0
1125.0,Don,SUNDQUIST,HOUSE,,R,TN,,S001075,103.0
1532.0,John,SUNUNU,HOUSE,REPRESENTATIVE,R,NH,1.0,S001078,107.0
2341.0,Thomas,SUOZZI,HOUSE,,D,NY,,S001201,115.0
1870.0,Betty,SUTTON,HOUSE,REPRESENTATIVE,D,OH,13.0,S001174,112.0
2104.0,Eric,SWALWELL,HOUSE,REPRESENTATIVE,D,CA,15.0,S001193,113.0
1591.0,John,SWEENEY,HOUSE,REPRESENTATIVE,R,NY,22.0,S001149,106.0
1128.0,Dick,SWETT,HOUSE,,D,NH,,S001113,103.0
1129.0,Al,SWIFT,HOUSE,,D,WA,,S001115,103.0
,,SYMINGTON,,,,,,,
1133.0,Mike,SYNAR,HOUSE,,D,OK,,S001139,103.0
,,SYNDER,,,,,,,
,,T,,,,,,,
2240.0,Mark,TAKAI,HOUSE,REPRESENTATIVE,D,HI,1.0,T000473,114.0
2110.0,Mark,TAKANO,HOUSE,REPRESENTATIVE,D,CA,41.0,T000472,113.0
1135.0,Jim,TALENT,HOUSE,REPRESENTATIVE,R,MO,2.0,T000024,106.0
,,TANAKO,,,,,,,
1592.0,Thomas,TANCREDO,HOUSE,REPRESENTATIVE,R,CO,6.0,T000458,107.0
1137.0,John,TANNER,HOUSE,REPRESENTATIVE,D,TN,8.0,T000038,107.0
1138.0,Randy,TATE,HOUSE,,R,WA,,T000048,104.0
1533.0,Ellen,TAUSCHER,HOUSE,REPRESENTATIVE,D,CA,10.0,T000057,107.0
1140.0,W.,TAUZIN,HOUSE,REPRESENTATIVE,R,LA,3.0,T000058,107.0
1141.0,Charles,TAYLOR,HOUSE,REPRESENTATIVE,R,NC,11.0,T000067,107.0
2351.0,Scott,TAYLOR,HOUSE,,R,VA,,T000477,115.0
1142.0,Gene,TAYLOR,HOUSE,REPRESENTATIVE,D,MS,5.0,T000074,107.0
2351.0,Scott,TAYLOR,HOUSE,,R,VA,,T000477,115.0
2351.0,Scott,TAYLOR,HOUSE,,R,VA,,T000477,115.0
2351.0,Scott,TAYLOR,HOUSE,,R,VA,,T000477,115.0
2351.0,Scott,TAYLOR,HOUSE,,R,VA,,T000477,115.0
1938.0,Harry,TEAGUE,HOUSE,REPRESENTATIVE,D,NM,2.0,T000466,111.0
1147.0,Frank,TEJEDA,HOUSE,,D,TX,,T000113,104.0
2344.0,Claudia,TENNEY,HOUSE,,R,NY,,T000478,115.0
1566.0,Lee,TERRY,HOUSE,REPRESENTATIVE,R,NE,2.0,T000459,113.0
1829.0,Jon,TESTER,SENATE,SENATOR,D,MT,,T000464,113.0
1149.0,Craig,THOMAS,SENATE,SENATOR,R,WY,,T000162,107.0
1148.0,William,THOMAS,HOUSE,REPRESENTATIVE,R,CA,21.0,T000188,107.0
1447.0,Fred,THOMPSON,SENATE,SENATOR,R,TN,,T000457,107.0
1952.0,Glenn,THOMPSON,HOUSE,REPRESENTATIVE,R,PA,5.0,T000467,113.0
1151.0,Bennie,THOMPSON,HOUSE,REPRESENTATIVE,D,MS,2.0,T000193,113.0
1593.0,Mike,THOMPSON,HOUSE,REPRESENTATIVE,D,CA,5.0,T000460,113.0
1155.0,Mac,THORNBERRY,HOUSE,REPRESENTATIVE,R,TX,13.0,T000238,113.0
1156.0,Ray,THORNTON,HOUSE,,D,AR,,T000243,103.0
,,THRUMOND,,,,,,,
1534.0,John,THUNE,SENATE,SENATOR,R,SD,,T000250,113.0
1157.0,Karen,THURMAN,HOUSE,REPRESENTATIVE,D,FL,5.0,T000253,107.0
1448.0,Strom,THURMOND,SENATE,SENATOR,R,SC,,T000254,107.0
1158.0,Todd,TIAHRT,HOUSE,REPRESENTATIVE,R,KS,4.0,T000260,107.0
1664.0,Patrick,TIBERI,HOUSE,REPRESENTATIVE,R,OH,12.0,T000462,113.0
1535.0,John,TIERNEY,HOUSE,REPRESENTATIVE,D,MA,6.0,T000266,113.0
,,TILIS,,,,,,,
,,TILLERSON,,,,,,,
2291.0,Thom,TILLIS,SENATE,SENATOR,R,NC,,T000476,114.0
1997.0,Scott,TIPTON,HOUSE,REPRESENTATIVE,R,CO,3.0,T000470,113.0
1940.0,Dina,TITUS,HOUSE,REPRESENTATIVE,D,NV,1.0,T000468,113.0
1942.0,Paul,TONKO,HOUSE,REPRESENTATIVE,D,NY,20.0,T000469,113.0
1594.0,Patrick,TOOMEY,SENATE,SENATOR,R,PA,,T000461,113.0
2085.0,Pat,TOOMEY,HOUSE,REPRESENTATIVE,R,PA,15.0,T000461,106.0
1161.0,Peter,TORKILDSEN,HOUSE,,R,MA,,T000314,103.0
,,TORRECELLI,,,,,,,
2231.0,Norma,TORRES,HOUSE,REPRESENTATIVE,D,CA,35.0,T000474,114.0
1162.0,Estaban,TORRES,HOUSE,REPRESENTATIVE,D,CA,34.0,T000316,105.0
1163.0,Robert,TORRICELLI,SENATE,SENATOR,D,NJ,,T000317,107.0
,,TOURETTE,,,,,,,
1165.0,Edolphus,TOWNS,HOUSE,REPRESENTATIVE,D,NY,10.0,T000326,107.0
,,TRAFFICANT,,,,,,,
1166.0,James,TRAFICANT,HOUSE,REPRESENTATIVE,D,OH,17.0,T000350,107.0
,,TRAFICIANT,,,,,,,
,,TRIFICANT,,,,,,,
2250.0,David,TROTT,HOUSE,REPRESENTATIVE,R,MI,11.0,T000475,114.0
1884.0,Niki,TSONGAS,HOUSE,REPRESENTATIVE,D,MA,3.0,T000465,113.0
1172.0,Walter,TUCKER,HOUSE,,D,CA,,T000405,103.0
,,TURLEY,,,,,,,
2091.0,Robert,TURNER,HOUSE,REPRESENTATIVE,R,NY,9.0,T000471,112.0
1741.0,Michael,TURNER,HOUSE,REPRESENTATIVE,R,OH,10.0,T000463,113.0
1536.0,Jim,TURNER,HOUSE,REPRESENTATIVE,D,TX,2.0,T000424,107.0
1595.0,Mark,UDALL,SENATE,SENATOR,D,CO,,U000038,113.0
1567.0,Tom,UDALL,SENATE,SENATOR,D,NM,,U000039,113.0
1175.0,Robert,UNDERWOOD,HOUSE,,D,GU,,U000014,103.0
1176.0,Jolene,UNSOELD,HOUSE,,D,WA,,U000017,103.0
1177.0,Fred,UPTON,HOUSE,REPRESENTATIVE,R,MI,6.0,U000031,113.0
2105.0,David,VALADAO,HOUSE,REPRESENTATIVE,R,CA,21.0,V000129,113.0
,,VALAZQUEZ,,,,,,,
1178.0,Tim,VALENTINE,HOUSE,,D,NC,,V000006,103.0
,,VAN,,,,,,,
1729.0,Chris,VAN HOLLEN,HOUSE,REPRESENTATIVE,D,MD,8.0,V000128,113.0
2112.0,Juan,VARGAS,HOUSE,REPRESENTATIVE,D,CA,51.0,V000130,113.0
2166.0,Marc,VEASEY,HOUSE,REPRESENTATIVE,D,TX,33.0,V000131,113.0
2167.0,Filemon,VELA,HOUSE,REPRESENTATIVE,D,TX,34.0,V000132,113.0
,,VELAAZQUEZ,,,,,,,
,,VELAQUEZ,,,,,,,
,,VELAZAQUEZ,,,,,,,
1184.0,Nydia,VELAZQUEZ,HOUSE,REPRESENTATIVE,D,NY,7.0,V000081,113.0
1185.0,Bruce,VENTO,HOUSE,REPRESENTATIVE,D,MN,4.0,V000087,106.0
,,VETO,,,,,,,
1188.0,Peter,VISCLOSKY,HOUSE,REPRESENTATIVE,D,IN,1.0,V000108,113.0
,,VITER,,,,,,,
1609.0,David,VITTER,SENATE,SENATOR,R,LA,,V000127,113.0
1575.0,George,VOINOVICH,SENATE,SENATOR,R,OH,,V000126,107.0
,,VOINVICH,,,,,,,
,,VOLKER,,,,,,,
,,VOLKLER,,,,,,,
1189.0,Harold,VOLKMER,HOUSE,,D,MO,,V000112,103.0
1190.0,Barbara,VUCANOVICH,HOUSE,,R,NV,,V000124,103.0
,,W,,,,,,,
2137.0,Ann,WAGNER,HOUSE,REPRESENTATIVE,R,MO,2.0,W000812,113.0
1855.0,Tim,WALBERG,HOUSE,REPRESENTATIVE,R,MI,7.0,W000798,113.0
1596.0,Greg,WALDEN,HOUSE,REPRESENTATIVE,R,OR,2.0,W000791,113.0
1192.0,Enid,WALDHOLTZ,HOUSE,,R,UT,,G000408,104.0
,,WALDHOTZ,,,,,,,
2255.0,Mark,WALKER,HOUSE,REPRESENTATIVE,R,NC,6.0,W000819,114.0
1451.0,Malcolm,WALLOP,SENATE,,R,WY,,W000092,103.0
,,WALORKSI,,,,,,,
2128.0,Jackie,WALORSKI,HOUSE,REPRESENTATIVE,R,IN,2.0,W000813,113.0
2012.0,Joe,WALSH,HOUSE,REPRESENTATIVE,R,IL,8.0,W000811,112.0
2198.0,John,WALSH,SENATE,SENATOR,D,MT,,W000818,113.0
1197.0,James,WALSH,HOUSE,REPRESENTATIVE,R,NY,25.0,W000099,107.0
2232.0,Mimi,WALTERS,HOUSE,REPRESENTATIVE,R,CA,45.0,W000820,114.0
1856.0,Timothy,WALZ,HOUSE,REPRESENTATIVE,D,MN,1.0,W000799,113.0
1199.0,Zach,WAMP,HOUSE,REPRESENTATIVE,R,TN,3.0,W000119,107.0
1201.0,Mike,WARD,HOUSE,,D,KY,,W000139,104.0
1897.0,Mark,WARNER,SENATE,SENATOR,D,VA,,W000805,113.0
1452.0,John,WARNER,SENATE,SENATOR,R,VA,,W000154,107.0
2182.0,Elizabeth,WARREN,SENATE,SENATOR,D,MA,,W000817,113.0
1203.0,Craig,WASHINGTON,HOUSE,,D,TX,,W000177,103.0
,,WASSERMAN,,,,,,,
1777.0,Debbie,WASSERMAN SCHULTZ,HOUSE,REPRESENTATIVE,D,FL,23.0,W000797,113.0
1205.0,Maxine,WATERS,HOUSE,REPRESENTATIVE,D,CA,43.0,W000187,113.0
1206.0,Wes,WATKINS,HOUSE,REPRESENTATIVE,R,OK,3.0,W000194,107.0
1682.0,Diane,WATSON,HOUSE,REPRESENTATIVE,D,CA,32.0,W000794,107.0
2259.0,Bonnie,WATSON COLEMAN,HOUSE,REPRESENTATIVE,D,NJ,12.0,W000822,114.0
1207.0,Melvin,WATT,HOUSE,REPRESENTATIVE,D,NC,12.0,W000207,107.0
1208.0,J.,WATTS,HOUSE,REPRESENTATIVE,R,OK,4.0,W000210,107.0
1209.0,Henry,WAXMAN,HOUSE,REPRESENTATIVE,D,CA,33.0,W000215,113.0
1822.0,Jim,WEBB,SENATE,SENATOR,D,VA,,W000803,112.0
2161.0,Randy,WEBER,HOUSE,REPRESENTATIVE,R,TX,14.0,W000814,113.0
2002.0,Daniel,WEBSTER,HOUSE,REPRESENTATIVE,R,FL,10.0,W000806,113.0
1597.0,Anthony,WEINER,HOUSE,REPRESENTATIVE,D,NY,9.0,W000792,107.0
1879.0,Peter,WELCH,HOUSE,REPRESENTATIVE,D,VT,0.0,W000800,113.0
1214.0,Curt,WELDON,HOUSE,REPRESENTATIVE,R,PA,7.0,W000268,107.0
1215.0,Dave,WELDON,HOUSE,REPRESENTATIVE,R,FL,15.0,W000267,107.0
1216.0,Jerry,WELLER,HOUSE,REPRESENTATIVE,R,IL,11.0,W000273,107.0
1454.0,Paul,WELLSTONE,SENATE,SENATOR,D,MN,,W000288,107.0
2152.0,Brad,WENSTRUP,HOUSE,REPRESENTATIVE,R,OH,2.0,W000815,113.0
2005.0,Allen,WEST,HOUSE,REPRESENTATIVE,R,FL,22.0,W000807,112.0
2224.0,Bruce,WESTERMAN,HOUSE,REPRESENTATIVE,R,AR,4.0,W000821,114.0
1779.0,Lynn,WESTMORELAND,HOUSE,REPRESENTATIVE,R,GA,3.0,W000796,113.0
1537.0,Robert,WEXLER,HOUSE,REPRESENTATIVE,D,FL,19.0,W000314,107.0
1538.0,Robert,WEYGAND,HOUSE,REPRESENTATIVE,D,RI,2.0,W000315,106.0
1218.0,Alan,WHEAT,HOUSE,,D,MO,,W000326,103.0
1220.0,Rick,WHITE,HOUSE,REPRESENTATIVE,R,WA,1.0,W000391,105.0
,,WHITEFIELD,,,,,,,
1823.0,Sheldon,WHITEHOUSE,SENATE,SENATOR,D,RI,,W000802,113.0
1222.0,Ed,WHITFIELD,HOUSE,REPRESENTATIVE,R,KY,1.0,W000413,113.0
1225.0,Jamie,WHITTEN,HOUSE,,D,MS,,W000428,103.0
1226.0,Roger,WICKER,SENATE,SENATOR,R,MS,,W000437,113.0
,,WIENER,,,,,,,
2165.0,Roger,WILLIAMS,HOUSE,REPRESENTATIVE,R,TX,25.0,W000816,113.0
1869.0,Charles,WILSON,HOUSE,REPRESENTATIVE,D,OH,6.0,W000801,110.0
1539.0,Heather,WILSON,HOUSE,REPRESENTATIVE,R,NM,1.0,W000789,107.0
2004.0,Frederica,WILSON,HOUSE,REPRESENTATIVE,D,FL,24.0,W000808,113.0
1232.0,Charles,WILSON,HOUSE,,D,TX,,W000570,103.0
1688.0,Joe,WILSON,HOUSE,REPRESENTATIVE,R,SC,2.0,W000795,113.0
1237.0,Robert,WISE,HOUSE,REPRESENTATIVE,D,WV,2.0,W000654,106.0
1886.0,Robert,WITTMAN,HOUSE,REPRESENTATIVE,R,VA,1.0,W000804,113.0
1457.0,Harris,WOFFORD,SENATE,,D,PA,,W000665,103.0
1238.0,Frank,WOLF,HOUSE,REPRESENTATIVE,R,VA,10.0,W000672,113.0
,,WOLFE,,,,,,,
1991.0,Steve,WOMACK,HOUSE,REPRESENTATIVE,R,AR,3.0,W000809,113.0
2008.0,Rob,WOODALL,HOUSE,REPRESENTATIVE,R,GA,7.0,W000810,113.0
1242.0,Lynn,WOOLSEY,HOUSE,REPRESENTATIVE,D,CA,6.0,W000738,107.0
,,WOOSLEY,,,,,,,
,,WORTLEY,,,,,,,
,,WRIGHT,,,,,,,
1598.0,David,WU,HOUSE,REPRESENTATIVE,D,OR,1.0,W000793,107.0
1247.0,Ron,WYDEN,SENATE,SENATOR,D,OR,,W000779,113.0
1251.0,Albert,WYNN,HOUSE,REPRESENTATIVE,D,MD,4.0,W000784,107.0
,,X,,,,,,,
1853.0,John,YARMUTH,HOUSE,REPRESENTATIVE,D,KY,3.0,Y000062,113.0
1252.0,Sidney,YATES,HOUSE,REPRESENTATIVE,D,IL,9.0,Y000013,105.0
2021.0,Kevin,YODER,HOUSE,REPRESENTATIVE,R,KS,3.0,Y000063,113.0
2115.0,Ted,YOHO,HOUSE,REPRESENTATIVE,R,FL,3.0,Y000065,113.0
1255.0,C.,YOUNG,HOUSE,REPRESENTATIVE,R,FL,10.0,Y000031,107.0
1256.0,Don,YOUNG,HOUSE,REPRESENTATIVE,R,AK,0.0,Y000033,113.0
2242.0,David,YOUNG,HOUSE,REPRESENTATIVE,R,IA,3.0,Y000066,114.0
2019.0,Todd,YOUNG,HOUSE,REPRESENTATIVE,R,IN,9.0,Y000064,113.0
2261.0,Lee,ZELDIN,HOUSE,REPRESENTATIVE,R,NY,1.0,Z000017,114.0
1263.0,William,ZELIFF,HOUSE,,R,NH,,Z000004,103.0
1264.0,Dick,ZIMMER,HOUSE,,R,NJ,,Z000008,103.0
,,ZIMRING,,,,,,,
2254.0,Ryan,ZINKE,HOUSE,REPRESENTATIVE,R,MT,0.0,Z000018,114.0
,,,,,,,,,
,,,,,,,,,
,,,,,,,,,
,,,,,,,,,
,,,,,,,,,
,,,,,,,,,
,,,,,,,,,
,,,,,,,,,
,,,,,,,,,
,,,,,,,,,
,,,,,,,,,
,,,,,,,,,
,,,,,,,,,
,,,,,,,,,
,,,,,,,,,
,,,,,,,,,
,,,,,,,,,
,,,,,,,,,
,,,,,,,,,
