speaker_id,first_name,last_name,type,party,state,district,bio_guide_id,congress_id
2,Neil,Abercrombie,REPRESENTATIVE,D,HI,1,A000014,107
1269,Spencer,Abraham,SENATOR,R,MI,,A000355,106
2244,Ralph,Abraham,REPRESENTATIVE,R,LA,5,A000374,114
4,Gary,Ackerman,REPRESENTATIVE,D,NY,5,A000022,107
2006,Sandy,Adams,REPRESENTATIVE,R,FL,24,A000366,112
2201,Alma,Adams,REPRESENTATIVE,D,NC,12,A000370,114
1460,Robert,Aderholt,REPRESENTATIVE,R,AL,4,A000055,113
1935,John,Adler,REPRESENTATIVE,D,NJ,3,A000364,111
2229,Pete,Aguilar,REPRESENTATIVE,D,CA,31,A000371,114
7,Daniel,Akaka,SENATOR,D,HI,,A000069,107
1655,W.,Akin,REPRESENTATIVE,R,MO,2,A000358,107
1727,Rodney,Alexander,REPRESENTATIVE,R,LA,5,A000361,112
1695,Lamar,Alexander,SENATOR,R,TN,,A000360,113
11,Wayne,Allard,SENATOR,R,CO,,A000109,107
13,George,Allen,SENATOR,R,VA,,A000121,107
1461,Thomas,Allen,REPRESENTATIVE,D,ME,1,A000357,107
2239,Rick,Allen,REPRESENTATIVE,R,GA,12,A000372,114
1873,Jason,Altmire,REPRESENTATIVE,D,PA,4,A000362,112
2029,Justin,Amash,REPRESENTATIVE,R,MI,3,A000367,113
2090,Mark,Amodei,REPRESENTATIVE,R,NV,2,A000369,113
21,Robert,Andrews,REPRESENTATIVE,D,NJ,1,A000210,107
26,Bill,Archer,REPRESENTATIVE,R,TX,7,A000215,106
1867,Michael,Arcuri,REPRESENTATIVE,D,NY,24,A000363,110
28,Richard,Armey,REPRESENTATIVE,R,TX,26,A000217,107
1274,John,Ashcroft,SENATOR,R,MO,,A000356,106
2257,Brad,Ashford,REPRESENTATIVE,D,NE,2,A000373,114
1947,Steve,Austria,REPRESENTATIVE,R,OH,7,A000365,112
2075,Kelly,Ayotte,SENATOR,R,NH,,A000368,113
2270,Brian,Babin,REPRESENTATIVE,R,TX,36,B001291,114
1614,Joe,Baca,REPRESENTATIVE,D,CA,42,B001234,107
1858,Michele,Bachmann,REPRESENTATIVE,R,MN,6,B001256,113
38,Spencer,Bachus,REPRESENTATIVE,R,AL,6,B000013,113
41,Scotty,Baesler,REPRESENTATIVE,D,KY,6,B000028,105
1557,Brian,Baird,REPRESENTATIVE,D,WA,3,B001229,107
47,Richard,Baker,REPRESENTATIVE,R,LA,6,B000072,107
48,John,Baldacci,REPRESENTATIVE,D,ME,2,B000081,107
1558,Tammy,Baldwin,SENATOR,D,WI,,B001230,113
50,Cass,Ballenger,REPRESENTATIVE,R,NC,10,B000104,107
2093,Ron,Barber,REPRESENTATIVE,D,AZ,2,B001279,113
52,James,Barcia,REPRESENTATIVE,D,MI,5,B000134,107
2054,Lou,Barletta,REPRESENTATIVE,R,PA,11,B001269,113
56,Bob,Barr,REPRESENTATIVE,R,GA,7,B000169,107
2131,Andy,Barr,REPRESENTATIVE,R,KY,6,B001282,113
1881,John,Barrasso,SENATOR,R,WY,,B001261,113
57,Bill,Barrett,REPRESENTATIVE,R,NE,3,B000179,106
1745,J.,Barrett,REPRESENTATIVE,R,SC,3,B001239,110
58,Thomas,Barrett,REPRESENTATIVE,D,WI,5,B000177,107
1780,John,Barrow,REPRESENTATIVE,D,GA,12,B001252,113
60,Roscoe,Bartlett,REPRESENTATIVE,R,MD,6,B000208,107
62,Joe,Barton,REPRESENTATIVE,R,TX,6,B000213,113
1996,Karen,Bass,REPRESENTATIVE,D,CA,37,B001270,113
63,Charles,Bass,REPRESENTATIVE,R,NH,2,B000220,107
64,Herbert,Bateman,REPRESENTATIVE,R,VA,1,B000229,106
66,Max,Baucus,SENATOR,D,MT,,B000243,107
1572,Evan,Bayh,SENATOR,D,IN,,B001233,107
1782,Melissa,Bean,REPRESENTATIVE,D,IL,8,B001253,110
2153,Joyce,Beatty,REPRESENTATIVE,D,OH,3,B001281,113
1712,Bob,Beauprez,REPRESENTATIVE,R,CO,7,B001240,108
70,Xavier,Becerra,REPRESENTATIVE,D,CA,34,B000287,113
1898,Mark,Begich,SENATOR,D,AK,,B001265,113
1750,Chris,Bell,REPRESENTATIVE,D,TX,25,B001241,108
2027,Dan,Benishek,REPRESENTATIVE,R,MI,1,B001271,113
1965,Michael,Bennet,SENATOR,D,CO,,B001267,113
1280,Robert,Bennett,SENATOR,R,UT,,B000382,107
2135,Kerry,Bentivolio,REPRESENTATIVE,R,MI,11,B001280,113
79,Ken,Bentsen,REPRESENTATIVE,D,TX,25,B000400,107
2102,Ami,Bera,REPRESENTATIVE,D,CA,7,B001287,113
80,Doug,Bereuter,REPRESENTATIVE,R,NE,1,B000403,107
2037,Rick,Berg,REPRESENTATIVE,R,ND,0,B001272,112
1576,Shelley,Berkley,REPRESENTATIVE,D,NV,1,B001231,107
82,Howard,Berman,REPRESENTATIVE,D,CA,26,B000410,107
1462,Marion,Berry,REPRESENTATIVE,D,AR,1,B000420,107
2272,Donald,Beyer,REPRESENTATIVE,D,VA,8,B001292,114
1284,Joseph,Biden,SENATOR,D,DE,,B000444,107
1577,Judy,Biggert,REPRESENTATIVE,R,IL,13,B001232,107
87,Brian,Bilbray,REPRESENTATIVE,R,CA,49,B000461,106
1838,Gus,Bilirakis,REPRESENTATIVE,R,FL,12,B001257,113
89,Michael,Bilirakis,REPRESENTATIVE,R,FL,9,B000463,107
1285,Jeff,Bingaman,SENATOR,D,NM,,B000468,107
91,Sanford,Bishop,REPRESENTATIVE,D,GA,2,B000490,113
1740,Timothy,Bishop,REPRESENTATIVE,D,NY,1,B001242,113
1753,Rob,Bishop,REPRESENTATIVE,R,UT,1,B001250,113
2249,Mike,Bishop,REPRESENTATIVE,R,MI,8,B001293,114
2063,Diane,Black,REPRESENTATIVE,R,TN,6,B001273,113
1748,Marsha,Blackburn,REPRESENTATIVE,R,TN,7,B001243,113
1463,Rod,Blagojevich,REPRESENTATIVE,D,IL,5,B000518,107
97,Tom,Bliley,REPRESENTATIVE,R,VA,7,B000556,106
2241,Rod,Blum,REPRESENTATIVE,R,IA,1,B001294,114
99,Earl,Blumenauer,REPRESENTATIVE,D,OR,3,B000574,113
2076,Richard,Blumenthal,SENATOR,D,CT,,B001277,113
1464,Roy,Blunt,SENATOR,R,MO,,B000575,113
1949,John,Boccieri,REPRESENTATIVE,D,OH,16,B001263,111
101,Sherwood,Boehlert,REPRESENTATIVE,R,NY,23,B000586,107
102,John,Boehner,REPRESENTATIVE,R,OH,8,B000589,113
2092,Suzanne,Bonamici,REPRESENTATIVE,D,OR,1,B001278,113
1286,Christopher,Bond,SENATOR,R,MO,,B000611,107
107,Henry,Bonilla,REPRESENTATIVE,R,TX,23,B000617,106
108,David,Bonior,REPRESENTATIVE,D,MI,10,B000619,107
1703,Jo,Bonner,REPRESENTATIVE,R,AL,1,B001244,112
110,Sonny,Bono,REPRESENTATIVE,R,CA,44,B000622,105
1465,Mary,Bono Mack,REPRESENTATIVE,R,CA,44,B001228,106
2194,Cory,Booker,SENATOR,D,NJ,,B001288,113
1687,John,Boozman,SENATOR,R,AR,,B001236,113
1796,Dan,Boren,REPRESENTATIVE,D,OK,2,B001254,112
111,Robert,Borski,REPRESENTATIVE,D,PA,3,B000644,107
2243,Mike,Bost,REPRESENTATIVE,R,IL,12,B001295,114
1466,Leonard,Boswell,REPRESENTATIVE,D,IA,3,B000652,107
113,Rick,Boucher,REPRESENTATIVE,D,VA,9,B000657,107
1787,Charles,Boustany,REPRESENTATIVE,R,LA,3,B001255,113
116,Barbara,Boxer,SENATOR,D,CA,,B000711,113
1467,Allen,Boyd,REPRESENTATIVE,D,FL,2,B000716,107
1852,Nancy,Boyda,REPRESENTATIVE,D,KS,2,B001258,110
2267,Brendan,Boyle,REPRESENTATIVE,D,PA,13,B001296,114
1736,Jeb,Bradley,REPRESENTATIVE,R,NH,1,B001246,108
1468,Kevin,Brady,REPRESENTATIVE,R,TX,8,B000755,113
1469,Robert,Brady,REPRESENTATIVE,D,PA,1,B001227,113
1845,Bruce,Braley,REPRESENTATIVE,D,IA,1,B001259,113
2203,Dave,Brat,REPRESENTATIVE,R,VA,7,B001290,114
120,John,Breaux,SENATOR,D,LA,,B000780,107
2155,Jim,Bridenstine,REPRESENTATIVE,R,OK,1,B001283,113
1905,Bobby,Bright,REPRESENTATIVE,D,AL,2,B001264,111
2129,Susan,Brooks,REPRESENTATIVE,R,IN,5,B001284,113
1987,Mo,Brooks,REPRESENTATIVE,R,AL,5,B001274,113
1882,Paul,Broun,REPRESENTATIVE,R,GA,10,B001262,113
1975,Scott,Brown,SENATOR,R,MA,,B001268,112
136,Sherrod,Brown,SENATOR,D,OH,,B000944,113
134,George,Brown,REPRESENTATIVE,D,CA,42,B000918,105
1669,Henry,Brown,REPRESENTATIVE,R,SC,1,B001235,107
132,Corrine,Brown,REPRESENTATIVE,D,FL,5,B000911,113
1713,Ginny,Brown-Waite,REPRESENTATIVE,R,FL,5,B001247,110
137,Sam,Brownback,SENATOR,R,KS,,B000953,107
2106,Julia,Brownley,REPRESENTATIVE,D,CA,26,B001285,113
1293,Richard,Bryan,SENATOR,D,NV,,B000993,106
141,Ed,Bryant,REPRESENTATIVE,R,TN,7,B000996,107
1840,Vern,Buchanan,REPRESENTATIVE,R,FL,16,B001260,113
2233,Ken,Buck,REPRESENTATIVE,R,CO,4,B001297,114
2018,Larry,Bucshon,REPRESENTATIVE,R,IN,8,B001275,113
2045,Ann,Buerkle,REPRESENTATIVE,R,NY,25,B001276,112
1295,Dale,Bumpers,SENATOR,D,AR,,B001057,105
146,Jim,Bunning,SENATOR,R,KY,,B001066,107
1751,Michael,Burgess,REPRESENTATIVE,R,TX,26,B001248,113
1298,Conrad,Burns,SENATOR,R,MT,,B001126,107
1721,Max,Burns,REPRESENTATIVE,R,GA,12,B001249,108
153,Richard,Burr,SENATOR,R,NC,,B001135,113
1963,Roland,Burris,SENATOR,D,IL,,B001266,111
154,Dan,Burton,REPRESENTATIVE,R,IN,6,B001149,107
2127,Cheri,Bustos,REPRESENTATIVE,D,IL,17,B001286,113
1761,G.,Butterfield,REPRESENTATIVE,D,NC,1,B001251,113
160,Steve,Buyer,REPRESENTATIVE,R,IN,5,B001203,107
1299,Robert,Byrd,SENATOR,D,WV,,B001210,107
2197,Bradley,Byrne,REPRESENTATIVE,R,AL,1,B001289,113
164,Sonny,Callahan,REPRESENTATIVE,R,AL,1,C000052,107
165,Ken,Calvert,REPRESENTATIVE,R,CA,42,C000059,113
166,Dave,Camp,REPRESENTATIVE,R,MI,4,C000071,113
168,Ben,Campbell,SENATOR,R,CO,,C000077,107
170,Tom,Campbell,REPRESENTATIVE,R,CA,15,C000100,106
1816,John,Campbell,REPRESENTATIVE,R,CA,45,C001064,113
171,Charles,Canady,REPRESENTATIVE,R,FL,12,C000107,106
1470,Chris,Cannon,REPRESENTATIVE,R,UT,3,C000116,107
2066,Francisco,Canseco,REPRESENTATIVE,R,TX,23,C001082,112
1674,Eric,Cantor,REPRESENTATIVE,R,VA,7,C001046,113
172,Maria,Cantwell,SENATOR,D,WA,,C000127,113
1923,Anh,Cao,REPRESENTATIVE,R,LA,2,C001079,111
1676,Shelley,Capito,REPRESENTATIVE,R,WV,2,C001047,113
1472,Walter,Capps,REPRESENTATIVE,D,CA,22,C000134,105
1471,Lois,Capps,REPRESENTATIVE,D,CA,24,C001036,113
1564,Michael,Capuano,REPRESENTATIVE,D,MA,7,C001037,113
2107,Tony,Cardenas,REPRESENTATIVE,D,CA,29,C001097,113
174,Benjamin,Cardin,SENATOR,D,MD,,C000141,113
1709,Dennis,Cardoza,REPRESENTATIVE,D,CA,18,C001050,112
1680,Jean,Carnahan,SENATOR,D,MO,,C001043,107
1789,Russ,Carnahan,REPRESENTATIVE,D,MO,3,C001060,112
1876,Christopher,Carney,REPRESENTATIVE,D,PA,10,C001065,110
1999,John,Carney,REPRESENTATIVE,D,DE,0,C001083,113
179,Thomas,Carper,SENATOR,D,DE,,C000174,113
1473,Julia,Carson,REPRESENTATIVE,D,IN,10,C000191,107
1665,Brad,Carson,REPRESENTATIVE,D,OK,2,C001044,107
1889,Andre,Carson,REPRESENTATIVE,D,IN,7,C001072,113
1752,John,Carter,REPRESENTATIVE,R,TX,31,C001051,113
2159,Matt,Cartwright,REPRESENTATIVE,D,PA,17,C001090,113
1693,Ed,Case,REPRESENTATIVE,D,HI,2,C001055,108
1828,Robert,Casey,SENATOR,D,PA,,C001070,113
1925,Bill,Cassidy,REPRESENTATIVE,R,LA,6,C001075,113
183,Michael,Castle,REPRESENTATIVE,R,DE,0,C000243,107
1839,Kathy,Castor,REPRESENTATIVE,D,FL,13,C001066,113
2163,Joaquin,Castro,REPRESENTATIVE,D,TX,20,C001091,113
186,Steve,Chabot,REPRESENTATIVE,R,OH,1,C000266,113
1612,Lincoln,Chafee,SENATOR,R,RI,,C001040,107
1303,John,Chafee,SENATOR,R,RI,,C000269,105
1956,Jason,Chaffetz,REPRESENTATIVE,R,UT,3,C001076,113
188,Saxby,Chambliss,SENATOR,R,GA,,C000286,113
1759,Ben,Chandler,REPRESENTATIVE,D,KY,6,C001058,112
194,Helen,Chenoweth-Hage,REPRESENTATIVE,R,ID,1,C000345,106
1893,Travis,Childers,REPRESENTATIVE,D,MS,1,C001074,111
1726,Chris,Chocola,REPRESENTATIVE,R,IN,2,C001052,108
196,Jon,Christensen,REPRESENTATIVE,R,NE,2,C000377,105
1970,Judy,Chu,REPRESENTATIVE,D,CA,27,C001080,113
2055,David,Cicilline,REPRESENTATIVE,D,RI,1,C001084,113
2196,Katherine,Clark,REPRESENTATIVE,D,MA,5,C001101,113
1864,Yvette,Clarke,REPRESENTATIVE,D,NY,9,C001067,113
2030,Hansen,Clarke,REPRESENTATIVE,D,MI,13,C001085,112
2200,Curt,Clawson,REPRESENTATIVE,R,FL,19,C001102,114
1654,Wm.,Clay,REPRESENTATIVE,D,MO,1,C001049,113
203,William,Clay,REPRESENTATIVE,D,MO,1,C000488,106
204,Eva,Clayton,REPRESENTATIVE,D,NC,1,C000494,107
1540,Max,Cleland,SENATOR,D,GA,,C001034,107
205,Bob,Clement,REPRESENTATIVE,D,TN,5,C000503,107
1631,Hillary,Clinton,SENATOR,D,NY,,C001041,107
208,James,Clyburn,REPRESENTATIVE,D,SC,6,C000537,113
209,Daniel,Coats,SENATOR,R,IN,,C000542,113
211,Howard,Coble,REPRESENTATIVE,R,NC,6,C000556,113
212,Tom,Coburn,SENATOR,R,OK,,C000560,113
213,Thad,Cochran,SENATOR,R,MS,,C000567,113
1912,Mike,Coffman,REPRESENTATIVE,R,CO,6,C001077,113
1742,Tom,Cole,REPRESENTATIVE,R,OK,4,C001053,113
1697,Norm,Coleman,SENATOR,R,MN,,C001057,110
222,Mac,Collins,REPRESENTATIVE,R,GA,3,C000640,107
2151,Chris,Collins,REPRESENTATIVE,R,NY,27,C001092,113
1541,Susan,Collins,SENATOR,R,ME,,C001035,113
2121,Doug,Collins,REPRESENTATIVE,R,GA,9,C001093,113
224,Larry,Combest,REPRESENTATIVE,R,TX,19,C000653,107
2273,Barbara,Comstock,REPRESENTATIVE,R,VA,10,C001105,114
1805,K.,Conaway,REPRESENTATIVE,R,TX,11,C001062,113
226,Gary,Condit,REPRESENTATIVE,D,CA,18,C000670,107
1959,Gerald,Connolly,REPRESENTATIVE,D,VA,11,C001078,113
1307,Kent,Conrad,SENATOR,D,ND,,C000705,107
229,John,Conyers,REPRESENTATIVE,D,MI,13,C000714,113
2103,Paul,Cook,REPRESENTATIVE,R,CA,8,C001094,113
1475,Merrill,Cook,REPRESENTATIVE,R,UT,2,C000722,106
1476,John,Cooksey,REPRESENTATIVE,R,LA,5,C000735,107
1984,Christopher,Coons,SENATOR,D,DE,,C001088,113
231,Jim,Cooper,REPRESENTATIVE,D,TN,5,C000754,113
1825,Bob,Corker,SENATOR,R,TN,,C001071,113
1692,John,Cornyn,SENATOR,R,TX,,C001056,113
1630,Jon,Corzine,SENATOR,D,NJ,,C001042,107
1774,Jim,Costa,REPRESENTATIVE,D,CA,16,C001059,113
2266,Ryan,Costello,REPRESENTATIVE,R,PA,6,C001106,114
238,Jerry,Costello,REPRESENTATIVE,D,IL,12,C000794,107
2098,Tom,Cotton,REPRESENTATIVE,R,AR,4,C001095,113
1836,Joe,Courtney,REPRESENTATIVE,D,CT,2,C001069,113
242,Christopher,Cox,REPRESENTATIVE,R,CA,47,C000830,107
245,William,Coyne,REPRESENTATIVE,D,PA,14,C000846,107
246,Larry,Craig,SENATOR,R,ID,,C000858,107
2144,Kevin,Cramer,REPRESENTATIVE,R,ND,0,C001096,113
247,Robert,Cramer,REPRESENTATIVE,D,AL,5,C000868,107
249,Philip,Crane,REPRESENTATIVE,R,IL,8,C000873,107
250,Mike,Crapo,SENATOR,R,ID,,C000880,113
2031,Chip,Cravaack,REPRESENTATIVE,R,MN,8,C001086,112
1989,Eric,Crawford,REPRESENTATIVE,R,AR,1,C001087,113
1643,Ander,Crenshaw,REPRESENTATIVE,R,FL,4,C001045,113
1977,Mark,Critz,REPRESENTATIVE,D,PA,12,C001081,112
1604,Joseph,Crowley,REPRESENTATIVE,D,NY,14,C001038,113
2175,Ted,Cruz,SENATOR,R,TX,,C001098,113
254,Barbara,Cubin,REPRESENTATIVE,R,WY,0,C000962,107
1807,Henry,Cuellar,REPRESENTATIVE,D,TX,28,C001063,113
1670,John,Culberson,REPRESENTATIVE,R,TX,7,C001048,113
256,Elijah,Cummings,REPRESENTATIVE,D,MD,7,C000984,113
258,Randy,Cunningham,REPRESENTATIVE,R,CA,51,C000994,107
2235,Carlos,Curbelo,REPRESENTATIVE,R,FL,26,C001107,114
1313,Alfonse,D'Amato,SENATOR,R,NY,,D000018,105
1951,Kathleen,Dahlkemper,REPRESENTATIVE,D,PA,3,D000608,111
2138,Steve,Daines,REPRESENTATIVE,R,MT,0,D000618,113
265,Pat,Danner,REPRESENTATIVE,D,MO,6,D000046,106
267,Thomas,Daschle,SENATOR,D,SD,,D000064,107
1641,Susan,Davis,REPRESENTATIVE,D,CA,53,D000598,113
1672,Jo,Davis,REPRESENTATIVE,R,VA,1,D000597,107
1705,Artur,Davis,REPRESENTATIVE,D,AL,7,D000602,110
2126,Rodney,Davis,REPRESENTATIVE,R,IL,13,D000619,113
274,Tom,Davis,REPRESENTATIVE,R,VA,11,D000136,107
1784,Geoff,Davis,REPRESENTATIVE,R,KY,4,D000603,112
1747,Lincoln,Davis,REPRESENTATIVE,D,TN,4,D000599,110
1877,David,Davis,REPRESENTATIVE,R,TN,1,D000606,110
1477,Danny,Davis,REPRESENTATIVE,D,IL,7,D000096,113
1478,Jim,Davis,REPRESENTATIVE,D,FL,11,D000114,107
1629,Mark,Dayton,SENATOR,D,MN,,D000596,107
279,Peter,DeFazio,REPRESENTATIVE,D,OR,4,D000191,113
1479,Diana,DeGette,REPRESENTATIVE,D,CO,1,D000197,113
281,Rosa,DeLauro,REPRESENTATIVE,D,CT,3,D000216,113
282,Tom,DeLay,REPRESENTATIVE,R,TX,22,D000217,107
1605,Jim,DeMint,REPRESENTATIVE,R,SC,4,D000595,107
2116,Ron,DeSantis,REPRESENTATIVE,R,FL,6,D000621,113
2227,Mark,DeSaulnier,REPRESENTATIVE,D,CA,11,D000623,114
293,Mike,DeWine,SENATOR,R,OH,,D000294,107
277,Nathan,Deal,REPRESENTATIVE,R,GA,9,D000168,107
2096,Suzan,DelBene,REPRESENTATIVE,D,WA,1,D000617,113
1480,Bill,Delahunt,REPRESENTATIVE,D,MA,10,D000210,107
2133,John,Delaney,REPRESENTATIVE,D,MD,6,D000620,113
284,Ronald,Dellums,REPRESENTATIVE,D,CA,9,D000222,105
1995,Jeff,Denham,REPRESENTATIVE,R,CA,10,D000612,113
1799,Charles,Dent,REPRESENTATIVE,R,PA,15,D000604,113
2062,Scott,DesJarlais,REPRESENTATIVE,R,TN,4,D000616,113
1976,Theodore,Deutch,REPRESENTATIVE,D,FL,21,D000610,113
291,Peter,Deutsch,REPRESENTATIVE,D,FL,20,D000275,107
1717,Mario,Diaz-Balart,REPRESENTATIVE,R,FL,25,D000600,113
294,Lincoln,Diaz-Balart,REPRESENTATIVE,R,FL,21,D000299,107
295,Jay,Dickey,REPRESENTATIVE,R,AR,4,D000312,106
297,Norman,Dicks,REPRESENTATIVE,D,WA,6,D000327,107
2251,Debbie,Dingell,REPRESENTATIVE,D,MI,12,D000624,114
299,John,Dingell,REPRESENTATIVE,D,MI,12,D000355,113
301,Julian,Dixon,REPRESENTATIVE,D,CA,32,D000373,106
302,Christopher,Dodd,SENATOR,D,CT,,D000388,107
303,Lloyd,Doggett,REPRESENTATIVE,D,TX,35,D000399,113
2013,Robert,Dold,REPRESENTATIVE,R,IL,10,D000613,112
1698,Elizabeth,Dole,SENATOR,R,NC,,D000601,110
1319,Pete,Domenici,SENATOR,R,NM,,D000407,107
1850,Joe,Donnelly,SENATOR,D,IN,,D000607,113
2293,Daniel,Donovan,REPRESENTATIVE,R,NY,11,D000625,114
306,Calvin,Dooley,REPRESENTATIVE,D,CA,20,D000424,107
307,John,Doolittle,REPRESENTATIVE,R,CA,4,D000429,107
308,Byron,Dorgan,SENATOR,D,ND,,D000432,107
316,Michael,Doyle,REPRESENTATIVE,D,PA,14,D000482,113
1808,Thelma,Drake,REPRESENTATIVE,R,VA,2,D000605,110
317,David,Dreier,REPRESENTATIVE,R,CA,28,D000492,107
1946,Steve,Driehaus,REPRESENTATIVE,D,OH,1,D000609,111
2123,Tammy,Duckworth,REPRESENTATIVE,D,IL,8,D000622,113
2072,Sean,Duffy,REPRESENTATIVE,R,WI,7,D000614,112
2057,Jeff,Duncan,REPRESENTATIVE,R,SC,3,D000615,113
322,John,Duncan,REPRESENTATIVE,R,TN,2,D000533,113
324,Jennifer,Dunn,REPRESENTATIVE,R,WA,8,D000549,107
326,Richard,Durbin,SENATOR,D,IL,,D000563,113
1894,Donna,Edwards,REPRESENTATIVE,D,MD,4,E000290,113
1573,John,Edwards,SENATOR,D,NC,,E000286,107
335,Chet,Edwards,REPRESENTATIVE,D,TX,11,E000063,107
339,Vernon,Ehlers,REPRESENTATIVE,R,MI,3,E000092,107
340,Robert,Ehrlich,REPRESENTATIVE,R,MD,2,E000093,107
1857,Keith,Ellison,REPRESENTATIVE,D,MN,5,E000288,113
2036,Renee,Ellmers,REPRESENTATIVE,R,NC,2,E000291,113
1851,Brad,Ellsworth,REPRESENTATIVE,D,IN,8,E000289,110
1725,Rahm,Emanuel,REPRESENTATIVE,D,IL,5,E000287,110
1481,Jo,Emerson,REPRESENTATIVE,R,MO,8,E000172,107
2253,Tom,Emmer,REPRESENTATIVE,R,MN,6,E000294,114
344,Eliot,Engel,REPRESENTATIVE,D,NY,16,E000179,113
347,Phil,English,REPRESENTATIVE,R,PA,21,E000187,107
348,John,Ensign,SENATOR,R,NV,,E000194,107
2125,William,Enyart,REPRESENTATIVE,D,IL,12,E000292,113
1542,Michael,Enzi,SENATOR,R,WY,,E000285,113
2283,Joni,Ernst,SENATOR,R,IA,,E000295,114
355,Anna,Eshoo,REPRESENTATIVE,D,CA,18,E000215,113
2114,Elizabeth,Esty,REPRESENTATIVE,D,CT,5,E000293,113
1482,Bob,Etheridge,REPRESENTATIVE,D,NC,2,E000226,107
361,Lane,Evans,REPRESENTATIVE,D,IL,17,E000250,107
364,Terry,Everett,REPRESENTATIVE,R,AL,2,E000268,107
366,Thomas,Ewing,REPRESENTATIVE,R,IL,15,E000282,106
1329,Lauch,Faircloth,SENATOR,R,NC,,F000437,105
1872,Mary,Fallin,REPRESENTATIVE,R,OK,5,F000453,110
2067,Blake,Farenthold,REPRESENTATIVE,R,TX,27,F000460,113
368,Sam,Farr,REPRESENTATIVE,D,CA,20,F000030,113
371,Chaka,Fattah,REPRESENTATIVE,D,PA,2,F000043,113
373,Harris,Fawell,REPRESENTATIVE,R,IL,13,F000049,105
374,Vic,Fazio,REPRESENTATIVE,D,CA,3,F000053,105
1716,Tom,Feeney,REPRESENTATIVE,R,FL,24,F000447,110
1331,Russell,Feingold,SENATOR,D,WI,,F000061,107
1332,Dianne,Feinstein,SENATOR,D,CA,,F000062,113
1659,Mike,Ferguson,REPRESENTATIVE,R,NJ,7,F000443,107
381,Bob,Filner,REPRESENTATIVE,D,CA,50,F000116,107
2064,Stephen,Fincher,REPRESENTATIVE,R,TN,8,F000458,113
2179,Deb,Fischer,SENATOR,R,NE,,F000463,113
1571,Peter,Fitzgerald,SENATOR,R,IL,,F000442,107
1797,Michael,Fitzpatrick,REPRESENTATIVE,R,PA,8,F000451,113
1633,Jeff,Flake,SENATOR,R,AZ,,F000444,113
388,Floyd,Flake,REPRESENTATIVE,D,NY,6,F000184,105
2061,Charles,Fleischmann,REPRESENTATIVE,R,TN,3,F000459,113
1924,John,Fleming,REPRESENTATIVE,R,LA,4,F000456,113
1563,Ernie,Fletcher,REPRESENTATIVE,R,KY,6,F000441,107
395,Thomas,Foglietta,REPRESENTATIVE,D,PA,1,F000235,105
396,Mark,Foley,REPRESENTATIVE,R,FL,16,F000238,107
398,Michael,Forbes,REPRESENTATIVE,D,NY,1,F000257,106
1683,J.,Forbes,REPRESENTATIVE,R,VA,4,F000445,113
1334,Wendell,Ford,SENATOR,D,KY,,F000268,105
1483,Harold,Ford,REPRESENTATIVE,D,TN,9,F000262,107
1793,Jeff,Fortenberry,REPRESENTATIVE,R,NE,1,F000449,113
1484,Vito,Fossella,REPRESENTATIVE,R,NY,13,F000440,107
1888,Bill,Foster,REPRESENTATIVE,D,IL,11,F000454,113
404,Tillie,Fowler,REPRESENTATIVE,R,FL,4,F000328,106
406,Jon,Fox,REPRESENTATIVE,R,PA,13,F000332,105
1791,Virginia,Foxx,REPRESENTATIVE,R,NC,5,F000450,113
407,Barney,Frank,REPRESENTATIVE,D,MA,4,F000339,107
2119,Lois,Frankel,REPRESENTATIVE,D,FL,22,F000462,113
1969,Al,Franken,SENATOR,D,MN,,F000457,113
1707,Trent,Franks,REPRESENTATIVE,R,AZ,8,F000448,113
409,Bob,Franks,REPRESENTATIVE,R,NJ,7,F000349,106
414,Rodney,Frelinghuysen,REPRESENTATIVE,R,NJ,11,F000372,113
1336,William,Frist,SENATOR,R,TN,,F000439,107
419,Martin,Frost,REPRESENTATIVE,D,TX,24,F000392,107
1895,Marcia,Fudge,REPRESENTATIVE,D,OH,11,F000455,113
423,Elizabeth,Furse,REPRESENTATIVE,D,OR,1,F000434,105
2122,Tulsi,Gabbard,REPRESENTATIVE,D,HI,2,G000571,113
425,Elton,Gallegly,REPRESENTATIVE,R,CA,23,G000021,107
2226,Ruben,Gallego,REPRESENTATIVE,D,AZ,7,G000574,114
2164,Pete,Gallego,REPRESENTATIVE,D,TX,23,G000572,113
428,Greg,Ganske,REPRESENTATIVE,R,IA,4,G000041,107
1973,John,Garamendi,REPRESENTATIVE,D,CA,3,G000559,113
1998,Cory,Gardner,REPRESENTATIVE,R,CO,4,G000562,113
1737,Scott,Garrett,REPRESENTATIVE,R,NJ,5,G000548,113
431,Sam,Gejdenson,REPRESENTATIVE,D,CT,2,G000120,106
432,George,Gekas,REPRESENTATIVE,R,PA,17,G000121,107
433,Richard,Gephardt,REPRESENTATIVE,D,MO,3,G000132,107
1743,Jim,Gerlach,REPRESENTATIVE,R,PA,6,G000549,113
1485,Jim,Gibbons,REPRESENTATIVE,R,NV,2,G000152,107
2049,Bob,Gibbs,REPRESENTATIVE,R,OH,7,G000563,113
2043,Christopher,Gibson,REPRESENTATIVE,R,NY,19,G000564,113
1831,Gabrielle,Giffords,REPRESENTATIVE,D,AZ,8,G000554,112
438,Wayne,Gilchrest,REPRESENTATIVE,R,MD,1,G000180,107
1866,Kirsten,Gillibrand,SENATOR,D,NY,,G000555,113
439,Paul,Gillmor,REPRESENTATIVE,R,OH,5,G000210,107
440,Benjamin,Gilman,REPRESENTATIVE,R,NY,20,G000212,107
1720,Phil,Gingrey,REPRESENTATIVE,R,GA,11,G000550,113
1339,John,Glenn,SENATOR,D,OH,,G000236,105
1801,Louie,Gohmert,REPRESENTATIVE,R,TX,1,G000552,113
445,Henry,Gonzalez,REPRESENTATIVE,D,TX,20,G000272,105
1555,Charles,Gonzalez,REPRESENTATIVE,D,TX,20,G000544,107
1486,Virgil,Goode,REPRESENTATIVE,R,VA,5,G000280,107
446,Bob,Goodlatte,REPRESENTATIVE,R,VA,6,G000289,113
447,William,Goodling,REPRESENTATIVE,R,PA,19,G000291,106
448,Bart,Gordon,REPRESENTATIVE,D,TN,6,G000309,107
1341,Slade,Gorton,SENATOR,R,WA,,G000333,106
1992,Paul,Gosar,REPRESENTATIVE,R,AZ,4,G000565,113
450,Porter,Goss,REPRESENTATIVE,R,FL,14,G000336,107
2058,Trey,Gowdy,REPRESENTATIVE,R,SC,4,G000566,113
2234,Gwen,Graham,REPRESENTATIVE,D,FL,2,G000575,114
1342,Bob,Graham,SENATOR,D,FL,,G000352,107
452,Lindsey,Graham,SENATOR,R,SC,,G000359,113
453,Phil,Gramm,SENATOR,R,TX,,G000365,107
454,Rod,Grams,SENATOR,R,MN,,G000367,106
1487,Kay,Granger,REPRESENTATIVE,R,TX,12,G000377,113
457,Chuck,Grassley,SENATOR,R,IA,,G000386,113
2245,Garret,Graves,REPRESENTATIVE,R,LA,6,G000577,114
1979,Tom,Graves,REPRESENTATIVE,R,GA,14,G000560,113
1656,Sam,Graves,REPRESENTATIVE,R,MO,6,G000546,113
1914,Alan,Grayson,REPRESENTATIVE,D,FL,9,G000556,113
1559,Mark,Green,REPRESENTATIVE,R,WI,8,G000545,107
1803,Al,Green,REPRESENTATIVE,D,TX,9,G000553,113
462,Gene,Green,REPRESENTATIVE,D,TX,29,G000410,113
465,James,Greenwood,REPRESENTATIVE,R,PA,8,G000439,107
466,Judd,Gregg,SENATOR,R,NH,,G000445,107
1990,Tim,Griffin,REPRESENTATIVE,R,AR,2,G000567,113
2070,H.,Griffith,REPRESENTATIVE,R,VA,9,G000568,113
1906,Parker,Griffith,REPRESENTATIVE,R,AL,5,G000557,111
1708,Raul,Grijalva,REPRESENTATIVE,D,AZ,3,G000551,113
2041,Michael,Grimm,REPRESENTATIVE,R,NY,11,G000569,113
2276,Glenn,Grothman,REPRESENTATIVE,R,WI,6,G000576,114
1662,Felix,Grucci,REPRESENTATIVE,R,NY,1,G000547,107
2038,Frank,Guinta,REPRESENTATIVE,R,NH,1,G000570,112
1922,Brett,Guthrie,REPRESENTATIVE,R,KY,2,G000558,113
478,Luis,Gutierrez,REPRESENTATIVE,D,IL,4,G000535,113
479,Gil,Gutknecht,REPRESENTATIVE,R,MN,1,G000536,107
1902,Kay,Hagan,SENATOR,D,NC,,H001049,113
1545,Chuck,Hagel,SENATOR,R,NE,,H001028,107
2089,Janice,Hahn,REPRESENTATIVE,D,CA,44,H001063,113
1865,John,Hall,REPRESENTATIVE,D,NY,19,H001039,110
484,Ralph,Hall,REPRESENTATIVE,R,TX,4,H000067,113
487,Tony,Hall,REPRESENTATIVE,D,OH,3,H000074,107
1919,Deborah,Halvorson,REPRESENTATIVE,D,IL,11,H001044,111
489,Lee,Hamilton,REPRESENTATIVE,D,IN,9,H000114,105
2010,Colleen,Hanabusa,REPRESENTATIVE,D,HI,1,H001050,113
2044,Richard,Hanna,REPRESENTATIVE,R,NY,22,H001051,113
498,James,Hansen,REPRESENTATIVE,R,UT,1,H000172,107
2260,Cresent,Hardy,REPRESENTATIVE,R,NV,4,H001070,114
1849,Phil,Hare,REPRESENTATIVE,D,IL,17,H001040,111
501,Tom,Harkin,SENATOR,D,IA,,H000206,113
502,Jane,Harman,REPRESENTATIVE,D,CA,36,H000213,107
1933,Gregg,Harper,REPRESENTATIVE,R,MS,3,H001045,113
2026,Andy,Harris,REPRESENTATIVE,R,MD,1,H001052,113
1714,Katherine,Harris,REPRESENTATIVE,R,FL,13,H001035,108
1666,Melissa,Hart,REPRESENTATIVE,R,PA,4,H001033,107
2032,Vicky,Hartzler,REPRESENTATIVE,R,MO,4,H001053,113
510,J.,Hastert,REPRESENTATIVE,R,IL,14,H000323,107
511,Alcee,Hastings,REPRESENTATIVE,D,FL,19,H000324,113
512,Doc,Hastings,REPRESENTATIVE,R,WA,4,H000329,113
1351,Orrin,Hatch,SENATOR,R,UT,,H000338,113
1600,Robin,Hayes,REPRESENTATIVE,R,NC,8,H001029,107
2042,Nan,Hayworth,REPRESENTATIVE,R,NY,19,H001054,112
520,J.,Hayworth,REPRESENTATIVE,R,AZ,6,H000413,107
2170,Denny,Heck,REPRESENTATIVE,D,WA,10,H001064,113
2040,Joseph,Heck,REPRESENTATIVE,R,NV,3,H001055,113
524,Joel,Hefley,REPRESENTATIVE,R,CO,5,H000444,107
525,W.,Hefner,REPRESENTATIVE,D,NC,8,H000448,105
1937,Martin,Heinrich,SENATOR,D,NM,,H001046,113
2174,Heidi,Heitkamp,SENATOR,D,ND,,H001069,113
1863,Dean,Heller,SENATOR,R,NV,,H001041,113
1359,Jesse,Helms,SENATOR,R,NC,,H000463,107
1749,Jeb,Hensarling,REPRESENTATIVE,R,TX,5,H001036,113
533,Wally,Herger,REPRESENTATIVE,R,CA,2,H000528,107
2071,Jaime,Herrera Beutler,REPRESENTATIVE,R,WA,3,H001056,113
1760,Stephanie,Herseth Sandlin,REPRESENTATIVE,D,SD,0,H001037,110
2237,Jody,Hice,REPRESENTATIVE,R,GA,10,H001071,114
1794,Brian,Higgins,REPRESENTATIVE,D,NY,26,H001038,113
1489,Rick,Hill,REPRESENTATIVE,R,MT,0,H000605,106
2223,J.,Hill,REPRESENTATIVE,R,AR,2,H001072,114
1578,Baron,Hill,REPRESENTATIVE,D,IN,9,H001030,107
538,Van,Hilleary,REPRESENTATIVE,R,TN,4,H000615,107
539,Earl,Hilliard,REPRESENTATIVE,D,AL,7,H000621,107
1913,James,Himes,REPRESENTATIVE,D,CT,4,H001047,113
541,Maurice,Hinchey,REPRESENTATIVE,D,NY,26,H000627,107
1490,Ruben,Hinojosa,REPRESENTATIVE,D,TX,15,H000636,113
1844,Mazie,Hirono,SENATOR,D,HI,,H001042,113
545,David,Hobson,REPRESENTATIVE,R,OH,7,H000666,107
2088,Kathleen,Hochul,REPRESENTATIVE,D,NY,26,H001062,112
1862,Paul,Hodes,REPRESENTATIVE,D,NH,2,H001043,110
1579,Joseph,Hoeffel,REPRESENTATIVE,D,PA,13,H001031,107
547,Peter,Hoekstra,REPRESENTATIVE,R,MI,2,H000676,107
2079,John,Hoeven,SENATOR,R,ND,,H001061,113
550,Tim,Holden,REPRESENTATIVE,D,PA,6,H000712,107
2143,George,Holding,REPRESENTATIVE,R,NC,12,H001065,113
1361,Ernest,Hollings,SENATOR,D,SC,,H000725,107
1580,Rush,Holt,REPRESENTATIVE,D,NJ,12,H001032,113
1634,Michael,Honda,REPRESENTATIVE,D,CA,17,H001034,113
1491,Darlene,Hooley,REPRESENTATIVE,D,OR,5,H000762,107
559,Stephen,Horn,REPRESENTATIVE,R,CA,38,H000789,107
2147,Steven,Horsford,REPRESENTATIVE,D,NV,4,H001066,113
562,John,Hostettler,REPRESENTATIVE,R,IN,8,H000807,107
563,Amo,Houghton,REPRESENTATIVE,R,NY,31,H000814,106
566,Steny,Hoyer,REPRESENTATIVE,D,MD,5,H000874,113
2140,Richard,Hudson,REPRESENTATIVE,R,NC,8,H001067,113
2020,Tim,Huelskamp,REPRESENTATIVE,R,KS,1,H001057,113
2101,Jared,Huffman,REPRESENTATIVE,D,CA,2,H001068,113
2028,Bill,Huizenga,REPRESENTATIVE,R,MI,2,H001058,113
1492,Kenny,Hulshof,REPRESENTATIVE,R,MO,9,H000948,107
2015,Randy,Hultgren,REPRESENTATIVE,R,IL,14,H001059,113
1909,Duncan,Hunter,REPRESENTATIVE,R,CA,50,H001048,113
575,Duncan,Hunter,REPRESENTATIVE,R,CA,52,H000981,107
2269,Will,Hurd,REPRESENTATIVE,R,TX,23,H001073,114
2069,Robert,Hurt,REPRESENTATIVE,R,VA,5,H001060,113
1493,Asa,Hutchinson,REPRESENTATIVE,R,AR,3,H001014,106
578,Tim,Hutchinson,SENATOR,R,AR,,H001015,107
1368,Kay,Hutchison,SENATOR,R,TX,,H001016,107
580,Henry,Hyde,REPRESENTATIVE,R,IL,6,H001022,107
582,Bob,Inglis,REPRESENTATIVE,R,SC,4,I000023,110
583,James,Inhofe,SENATOR,R,OK,,I000024,113
1369,Daniel,Inouye,SENATOR,D,HI,,I000025,107
584,Jay,Inslee,REPRESENTATIVE,D,WA,1,I000026,107
1608,Johnny,Isakson,SENATOR,R,GA,,I000055,113
1663,Steve,Israel,REPRESENTATIVE,D,NY,3,I000057,113
1640,Darrell,Issa,REPRESENTATIVE,R,CA,49,I000056,113
586,Ernest,Istook,REPRESENTATIVE,R,OK,5,I000047,107
587,Jesse,Jackson,REPRESENTATIVE,D,IL,2,J000283,107
588,Sheila,Jackson Lee,REPRESENTATIVE,D,TX,18,J000032,113
592,William,Jefferson,REPRESENTATIVE,D,LA,2,J000070,107
593,James,Jeffords,SENATOR,I,VT,,J000072,107
2149,Hakeem,Jeffries,REPRESENTATIVE,D,NY,8,J000294,113
1921,Lynn,Jenkins,REPRESENTATIVE,R,KS,2,J000290,113
2278,Evan,Jenkins,REPRESENTATIVE,R,WV,3,J000297,114
1494,William,Jenkins,REPRESENTATIVE,R,TN,1,J000082,107
1785,Bobby,Jindal,REPRESENTATIVE,R,LA,1,J000287,110
1899,Mike,Johanns,SENATOR,R,NE,,J000291,113
1495,Christopher,John,REPRESENTATIVE,D,LA,7,J000110,107
602,Nancy,Johnson,REPRESENTATIVE,R,CT,6,J000163,107
1496,Jay,Johnson,REPRESENTATIVE,D,WI,8,J000149,105
604,Tim,Johnson,SENATOR,D,SD,,J000177,113
1648,Timothy,Johnson,REPRESENTATIVE,R,IL,15,J000285,107
603,Sam,Johnson,REPRESENTATIVE,R,TX,3,J000174,113
599,Eddie,Johnson,REPRESENTATIVE,D,TX,30,J000126,113
2086,Ron,Johnson,SENATOR,R,WI,,J000293,113
2199,David,Jolly,REPRESENTATIVE,R,FL,13,J000296,114
1581,Stephanie,Jones,REPRESENTATIVE,D,OH,11,J000284,107
612,Walter,Jones,REPRESENTATIVE,R,NC,3,J000255,113
2154,David,Joyce,REPRESENTATIVE,R,OH,14,J000295,113
1880,Steve,Kagen,REPRESENTATIVE,D,WI,8,K000365,110
2176,Tim,Kaine,SENATOR,D,VA,,K000384,113
615,Paul,Kanjorski,REPRESENTATIVE,D,PA,11,K000008,107
616,Marcy,Kaptur,REPRESENTATIVE,D,OH,9,K000009,113
618,John,Kasich,REPRESENTATIVE,R,OH,12,K000016,106
2264,John,Katko,REPRESENTATIVE,R,NY,24,K000386,114
1964,Edward,Kaufman,SENATOR,D,DE,,K000373,111
2025,William,Keating,REPRESENTATIVE,D,MA,9,K000375,113
1644,Ric,Keller,REPRESENTATIVE,R,FL,8,K000361,107
624,Sue,Kelly,REPRESENTATIVE,R,NY,19,K000078,107
2294,Trent,Kelly,REPRESENTATIVE,R,MS,1,K000388,114
2051,Mike,Kelly,REPRESENTATIVE,R,PA,3,K000376,113
2190,Robin,Kelly,REPRESENTATIVE,D,IL,2,K000385,113
1376,Dirk,Kempthorne,SENATOR,R,ID,,K000088,105
1652,Mark,Kennedy,REPRESENTATIVE,R,MN,2,K000358,107
2172,Joseph,Kennedy,REPRESENTATIVE,D,MA,4,K000379,113
1377,Edward,Kennedy,SENATOR,D,MA,,K000105,107
627,Patrick,Kennedy,REPRESENTATIVE,D,RI,1,K000113,107
628,Barbara,Kennelly,REPRESENTATIVE,D,CT,1,K000118,105
1650,Brian,Kerns,REPRESENTATIVE,R,IN,7,K000359,107
1378,J.,Kerrey,SENATOR,D,NE,,K000146,106
1379,John,Kerry,SENATOR,D,MA,,K000148,107
631,Dale,Kildee,REPRESENTATIVE,D,MI,9,K000172,107
2134,Daniel,Kildee,REPRESENTATIVE,D,MI,5,K000380,113
2169,Derek,Kilmer,REPRESENTATIVE,D,WA,6,K000381,113
1497,Carolyn,Kilpatrick,REPRESENTATIVE,D,MI,15,K000180,107
1948,Mary,Kilroy,REPRESENTATIVE,D,OH,15,K000372,111
632,Jay,Kim,REPRESENTATIVE,R,CA,41,K000181,105
1498,Ron,Kind,REPRESENTATIVE,D,WI,3,K000188,113
2185,Angus,King,SENATOR,I,ME,,K000383,113
1724,Steve,King,REPRESENTATIVE,R,IA,4,K000362,113
635,Peter,King,REPRESENTATIVE,R,NY,2,K000210,113
636,Jack,Kingston,REPRESENTATIVE,R,GA,1,K000220,113
2014,Adam,Kinzinger,REPRESENTATIVE,R,IL,16,K000378,113
1647,Mark,Kirk,SENATOR,R,IL,,K000360,113
1972,Paul,Kirk,SENATOR,D,MA,,K000374,111
1907,Ann,Kirkpatrick,REPRESENTATIVE,D,AZ,1,K000368,113
1934,Larry,Kissell,REPRESENTATIVE,D,NC,8,K000369,112
637,Gerald,Kleczka,REPRESENTATIVE,D,WI,4,K000259,107
1842,Ron,Klein,REPRESENTATIVE,D,FL,22,K000366,110
1733,John,Kline,REPRESENTATIVE,R,MN,2,K000363,113
639,Ron,Klink,REPRESENTATIVE,D,PA,4,K000270,106
1826,Amy,Klobuchar,SENATOR,D,MN,,K000367,113
641,Scott,Klug,REPRESENTATIVE,R,WI,2,K000274,105
2228,Stephen,Knight,REPRESENTATIVE,R,CA,25,K000387,114
642,Joe,Knollenberg,REPRESENTATIVE,R,MI,11,K000288,107
1380,Herb,Kohl,SENATOR,D,WI,,K000305,107
645,Jim,Kolbe,REPRESENTATIVE,R,AZ,5,K000306,107
1917,Suzanne,Kosmas,REPRESENTATIVE,D,FL,24,K000370,111
1926,Frank,Kratovil,REPRESENTATIVE,D,MD,1,K000371,111
1499,Dennis,Kucinich,REPRESENTATIVE,D,OH,10,K000336,107
1795,John,Kuhl,REPRESENTATIVE,R,NY,29,K000364,109
2145,Ann,Kuster,REPRESENTATIVE,D,NH,2,K000382,113
1582,Steven,Kuykendall,REPRESENTATIVE,R,CA,36,K000357,106
655,Jon,Kyl,SENATOR,R,AZ,,K000352,107
657,John,LaFalce,REPRESENTATIVE,D,NY,29,L000556,107
2295,Darin,LaHood,REPRESENTATIVE,R,IL,18,L000585,114
659,Ray,LaHood,REPRESENTATIVE,R,IL,18,L000552,107
2100,Doug,LaMalfa,REPRESENTATIVE,R,CA,1,L000578,113
667,Steven,LaTourette,REPRESENTATIVE,R,OH,19,L000553,107
2011,Raul,Labrador,REPRESENTATIVE,R,ID,1,L000573,113
1570,Blanche,Lambert,SENATOR,D,AR,,L000035,107
1834,Doug,Lamborn,REPRESENTATIVE,R,CO,5,L000564,113
1500,Nick,Lampson,REPRESENTATIVE,D,TX,9,L000043,107
1936,Leonard,Lance,REPRESENTATIVE,R,NJ,7,L000567,113
1546,Mary,Landrieu,SENATOR,D,LA,,L000550,113
2024,Jeffrey,Landry,REPRESENTATIVE,R,LA,3,L000574,112
1668,James,Langevin,REPRESENTATIVE,D,RI,2,L000559,113
2050,James,Lankford,REPRESENTATIVE,R,OK,5,L000575,113
663,Tom,Lantos,REPRESENTATIVE,D,CA,12,L000090,107
664,Steve,Largent,REPRESENTATIVE,R,OK,1,L000096,106
1675,Rick,Larsen,REPRESENTATIVE,D,WA,2,L000560,113
1583,John,Larson,REPRESENTATIVE,D,CT,1,L000557,113
666,Tom,Latham,REPRESENTATIVE,R,IA,3,L000111,113
1381,Frank,Lautenberg,SENATOR,D,NJ,,L000123,106
2252,Brenda,Lawrence,REPRESENTATIVE,D,MI,14,L000581,114
670,Rick,Lazio,REPRESENTATIVE,R,NY,2,L000155,106
1971,George,LeMieux,SENATOR,R,FL,,L000572,111
672,James,Leach,REPRESENTATIVE,R,IA,1,L000169,107
1383,Patrick,Leahy,SENATOR,D,VT,,L000174,113
1501,Barbara,Lee,REPRESENTATIVE,D,CA,13,L000551,113
1944,Christopher,Lee,REPRESENTATIVE,R,NY,26,L000568,111
2080,Mike,Lee,SENATOR,R,UT,,L000577,113
1384,Carl,Levin,SENATOR,D,MI,,L000261,113
683,Sander,Levin,REPRESENTATIVE,D,MI,9,L000263,113
688,John,Lewis,REPRESENTATIVE,D,GA,5,L000287,113
687,Jerry,Lewis,REPRESENTATIVE,R,CA,40,L000274,107
689,Ron,Lewis,REPRESENTATIVE,R,KY,2,L000293,107
1385,Joseph,Lieberman,SENATOR,D,CT,,L000304,107
2230,Ted,Lieu,REPRESENTATIVE,D,CA,33,L000582,114
693,John,Linder,REPRESENTATIVE,R,GA,11,L000321,107
694,William,Lipinski,REPRESENTATIVE,D,IL,3,L000342,107
1781,Daniel,Lipinski,REPRESENTATIVE,D,IL,3,L000563,113
696,Bob,Livingston,REPRESENTATIVE,R,LA,1,L000371,105
699,Frank,LoBiondo,REPRESENTATIVE,R,NJ,2,L000554,113
1846,David,Loebsack,REPRESENTATIVE,D,IA,2,L000565,113
701,Zoe,Lofgren,REPRESENTATIVE,D,CA,19,L000397,113
2033,Billy,Long,REPRESENTATIVE,R,MO,7,L000576,113
707,Trent,Lott,SENATOR,R,MS,,L000447,107
2238,Barry,Loudermilk,REPRESENTATIVE,R,GA,11,L000583,114
2271,Mia,Love,REPRESENTATIVE,R,UT,4,L000584,114
2111,Alan,Lowenthal,REPRESENTATIVE,D,CA,47,L000579,113
709,Nita,Lowey,REPRESENTATIVE,D,NY,17,L000480,113
711,Frank,Lucas,REPRESENTATIVE,R,OK,3,L000491,113
1562,Ken,Lucas,REPRESENTATIVE,D,KY,4,L000558,107
1931,Blaine,Luetkemeyer,REPRESENTATIVE,R,MO,3,L000569,113
1387,Richard,Lugar,SENATOR,R,IN,,L000504,107
1939,Ben,Lujan,REPRESENTATIVE,D,NM,3,L000570,113
2146,Michelle,Lujan Grisham,REPRESENTATIVE,D,NM,1,L000580,113
1960,Cynthia,Lummis,REPRESENTATIVE,R,WY,0,L000571,113
717,Daniel,Lungren,REPRESENTATIVE,R,CA,3,L000517,112
718,Bill,Luther,REPRESENTATIVE,D,MN,6,L000521,107
1686,Stephen,Lynch,REPRESENTATIVE,D,MA,8,L000562,113
2258,Thomas,MacArthur,REPRESENTATIVE,R,NJ,3,M001193,114
721,Connie,Mack,SENATOR,R,FL,,M000019,106
1776,Connie,Mack,REPRESENTATIVE,R,FL,14,M001155,112
1943,Daniel,Maffei,REPRESENTATIVE,D,NY,24,M001171,113
1841,Tim,Mahoney,REPRESENTATIVE,D,FL,16,M001164,110
1719,Denise,Majette,REPRESENTATIVE,D,GA,4,M001145,108
1502,James,Maloney,REPRESENTATIVE,D,CT,5,M000090,107
729,Carolyn,Maloney,REPRESENTATIVE,D,NY,12,M000087,113
2150,Sean,Maloney,REPRESENTATIVE,D,NY,18,M001185,113
1983,Joe,Manchin,SENATOR,D,WV,,M001183,113
732,Thomas,Manton,REPRESENTATIVE,D,NY,7,M000117,105
733,Donald,Manzullo,REPRESENTATIVE,R,IL,16,M001138,107
1806,Kenny,Marchant,REPRESENTATIVE,R,TX,24,M001158,113
2053,Tom,Marino,REPRESENTATIVE,R,PA,10,M001179,113
1911,Betsy,Markey,REPRESENTATIVE,D,CO,4,M001172,111
735,Edward,Markey,SENATOR,D,MA,,M000133,113
1718,Jim,Marshall,REPRESENTATIVE,D,GA,8,M001146,110
743,Matthew,Martinez,REPRESENTATIVE,R,CA,31,M000206,106
1769,Mel,Martinez,SENATOR,R,FL,,M001162,110
745,Frank,Mascara,REPRESENTATIVE,D,PA,20,M000212,107
1945,Eric,Massa,REPRESENTATIVE,D,NY,29,M001173,111
2094,Thomas,Massie,REPRESENTATIVE,R,KY,4,M001184,113
1671,Jim,Matheson,REPRESENTATIVE,D,UT,4,M001142,113
1814,Doris,Matsui,REPRESENTATIVE,D,CA,6,M001163,113
748,Robert,Matsui,REPRESENTATIVE,D,CA,5,M000249,107
2195,Vance,McAllister,REPRESENTATIVE,R,LA,5,M001192,113
754,John,McCain,SENATOR,R,AZ,,M000303,113
1503,Carolyn,McCarthy,REPRESENTATIVE,D,NY,4,M000309,113
1833,Kevin,McCarthy,REPRESENTATIVE,R,CA,23,M001165,113
756,Karen,McCarthy,REPRESENTATIVE,D,MO,5,M000316,107
1820,Claire,McCaskill,SENATOR,D,MO,,M001170,113
1804,Michael,McCaul,REPRESENTATIVE,R,TX,10,M001157,113
1908,Tom,McClintock,REPRESENTATIVE,R,CA,4,M001177,113
1653,Betty,McCollum,REPRESENTATIVE,D,MN,4,M001143,113
761,Bill,McCollum,REPRESENTATIVE,R,FL,8,M000350,106
1395,Mitch,McConnell,SENATOR,R,KY,,M000355,113
1732,Thaddeus,McCotter,REPRESENTATIVE,R,MI,11,M001147,112
763,Jim,McCrery,REPRESENTATIVE,R,LA,4,M000388,107
765,Joseph,McDade,REPRESENTATIVE,R,PA,10,M000399,105
766,Jim,McDermott,REPRESENTATIVE,D,WA,7,M000404,113
1504,James,McGovern,REPRESENTATIVE,D,MA,2,M000312,113
772,Paul,McHale,REPRESENTATIVE,D,PA,15,M000466,105
1792,Patrick,McHenry,REPRESENTATIVE,R,NC,10,M001156,113
773,John,McHugh,REPRESENTATIVE,R,NY,24,M000472,107
775,Scott,McInnis,REPRESENTATIVE,R,CO,3,M000477,107
776,David,McIntosh,REPRESENTATIVE,R,IN,2,M000481,106
1505,Mike,McIntyre,REPRESENTATIVE,D,NC,7,M000485,113
778,Howard,McKeon,REPRESENTATIVE,R,CA,25,M000508,107
2074,David,McKinley,REPRESENTATIVE,R,WV,1,M001180,113
780,Cynthia,McKinney,REPRESENTATIVE,D,GA,4,M000523,107
1941,Michael,McMahon,REPRESENTATIVE,D,NY,13,M001174,111
1809,Cathy,McMorris Rodgers,REPRESENTATIVE,R,WA,5,M001159,113
1832,Jerry,McNerney,REPRESENTATIVE,D,CA,9,M001166,113
785,Michael,McNulty,REPRESENTATIVE,D,NY,21,M000590,107
2225,Martha,McSally,REPRESENTATIVE,R,AZ,2,M001197,114
2142,Mark,Meadows,REPRESENTATIVE,R,NC,11,M001187,113
2052,Patrick,Meehan,REPRESENTATIVE,R,PA,7,M001181,113
788,Martin,Meehan,REPRESENTATIVE,D,MA,5,M000627,107
789,Carrie,Meek,REPRESENTATIVE,D,FL,17,M000628,107
1715,Kendrick,Meek,REPRESENTATIVE,D,FL,17,M001148,110
1506,Gregory,Meeks,REPRESENTATIVE,D,NY,5,M001137,113
1786,Charlie,Melancon,REPRESENTATIVE,D,LA,3,M001161,110
791,Robert,Menendez,SENATOR,D,NJ,,M000639,113
2148,Grace,Meng,REPRESENTATIVE,D,NY,6,M001188,113
1900,Jeff,Merkley,SENATOR,D,OR,,M001176,113
2130,Luke,Messer,REPRESENTATIVE,R,IN,6,M001189,113
792,Jack,Metcalf,REPRESENTATIVE,R,WA,2,M000669,106
800,John,Mica,REPRESENTATIVE,R,FL,7,M000689,113
1730,Michael,Michaud,REPRESENTATIVE,D,ME,2,M001149,113
802,Barbara,Mikulski,SENATOR,D,MD,,M000702,113
805,Juanita,Millender-McDonald,REPRESENTATIVE,D,CA,37,M000714,107
1624,Zell,Miller,SENATOR,D,GA,,M001141,107
1685,Jeff,Miller,REPRESENTATIVE,R,FL,1,M001144,113
808,George,Miller,REPRESENTATIVE,D,CA,11,M000725,113
1584,Gary,Miller,REPRESENTATIVE,R,CA,31,M001139,113
1735,Brad,Miller,REPRESENTATIVE,D,NC,13,M001154,112
1731,Candice,Miller,REPRESENTATIVE,R,MI,10,M001150,113
807,Dan,Miller,REPRESENTATIVE,R,FL,13,M000720,107
813,David,Minge,REPRESENTATIVE,D,MN,2,M000795,106
815,Patsy,Mink,REPRESENTATIVE,D,HI,2,M000797,107
1918,Walter,Minnick,REPRESENTATIVE,D,ID,1,M001175,111
1830,Harry,Mitchell,REPRESENTATIVE,D,AZ,5,M001167,110
820,John,Moakley,REPRESENTATIVE,D,MA,9,M000834,106
823,Susan,Molinari,REPRESENTATIVE,R,NY,13,M000843,105
824,Alan,Mollohan,REPRESENTATIVE,D,WV,1,M000844,107
2248,John,Moolenaar,REPRESENTATIVE,R,MI,4,M001194,114
2277,Alexander,Mooney,REPRESENTATIVE,R,WV,2,M001195,114
1811,Gwen,Moore,REPRESENTATIVE,D,WI,4,M001160,113
1561,Dennis,Moore,REPRESENTATIVE,D,KS,3,M001140,107
1507,Jerry,Moran,SENATOR,R,KS,,M000934,113
832,James,Moran,REPRESENTATIVE,D,VA,8,M000933,113
833,Constance,Morella,REPRESENTATIVE,R,MD,8,M000941,107
1405,Carol,Moseley-Braun,SENATOR,D,IL,,M001025,105
2246,Seth,Moulton,REPRESENTATIVE,D,MA,6,M001196,114
1407,Daniel,Moynihan,SENATOR,D,NY,,M001054,106
2156,Markwayne,Mullin,REPRESENTATIVE,R,OK,2,M001190,113
2059,Mick,Mulvaney,REPRESENTATIVE,R,SC,5,M001182,113
1408,Frank,Murkowski,SENATOR,R,AK,,M001085,107
1694,Lisa,Murkowski,SENATOR,R,AK,,M001153,113
1968,Scott,Murphy,REPRESENTATIVE,D,NY,20,M001178,111
1837,Christopher,Murphy,SENATOR,D,CT,,M001169,113
1875,Patrick,Murphy,REPRESENTATIVE,D,PA,8,M001168,110
2117,Patrick,Murphy,REPRESENTATIVE,D,FL,18,M001191,113
1744,Tim,Murphy,REPRESENTATIVE,R,PA,18,M001151,113
1409,Patty,Murray,SENATOR,D,WA,,M001111,113
844,John,Murtha,REPRESENTATIVE,D,PA,12,M001120,107
1711,Marilyn,Musgrave,REPRESENTATIVE,R,CO,4,M001152,110
849,Sue,Myrick,REPRESENTATIVE,R,NC,9,M001134,107
850,Jerrold,Nadler,REPRESENTATIVE,D,NY,10,N000002,113
1602,Grace,Napolitano,REPRESENTATIVE,D,CA,32,N000179,113
854,Richard,Neal,REPRESENTATIVE,D,MA,1,N000015,113
2108,Gloria,Negrete McLeod,REPRESENTATIVE,D,CA,35,N000187,113
1627,Ben,Nelson,SENATOR,D,NE,,N000180,107
859,Bill,Nelson,SENATOR,D,FL,,N000032,113
860,George,Nethercutt,REPRESENTATIVE,R,WA,5,N000051,107
1758,Randy,Neugebauer,REPRESENTATIVE,R,TX,19,N000182,113
861,Mark,Neumann,REPRESENTATIVE,R,WI,1,N000054,105
2275,Dan,Newhouse,REPRESENTATIVE,R,WA,4,N000189,114
862,Robert,Ney,REPRESENTATIVE,R,OH,18,N000081,107
1412,Don,Nickles,SENATOR,R,OK,,N000102,107
2060,Kristi,Noem,REPRESENTATIVE,R,SD,0,N000184,113
867,Richard,Nolan,REPRESENTATIVE,D,MN,8,N000127,113
2202,Donald,Norcross,REPRESENTATIVE,D,NJ,1,N000188,114
1508,Anne,Northup,REPRESENTATIVE,R,KY,3,N000143,107
868,Eleanor,Norton,DELEGATE,D,DC,,N000147,113
869,Charles,Norwood,REPRESENTATIVE,R,GA,10,N000159,107
2001,Richard,Nugent,REPRESENTATIVE,R,FL,11,N000185,113
1710,Devin,Nunes,REPRESENTATIVE,R,CA,22,N000181,113
2034,Alan,Nunnelee,REPRESENTATIVE,R,MS,1,N000186,113
871,Jim,Nussle,REPRESENTATIVE,R,IA,2,N000172,107
1957,Glenn,Nye,REPRESENTATIVE,D,VA,2,N000183,111
2162,Beto,O'Rourke,REPRESENTATIVE,D,TX,16,O000170,113
1763,Barack,Obama,SENATOR,D,IL,,O000167,110
876,James,Oberstar,REPRESENTATIVE,D,MN,8,O000006,107
877,David,Obey,REPRESENTATIVE,D,WI,7,O000007,107
1955,Pete,Olson,REPRESENTATIVE,R,TX,22,O000168,113
879,John,Olver,REPRESENTATIVE,D,MA,1,O000085,107
880,Solomon,Ortiz,REPRESENTATIVE,D,TX,27,O000107,107
1658,Tom,Osborne,REPRESENTATIVE,R,NE,3,O000165,107
1585,Doug,Ose,REPRESENTATIVE,R,CA,3,O000164,107
1646,C.,Otter,REPRESENTATIVE,R,ID,1,O000166,107
883,Major,Owens,REPRESENTATIVE,D,NY,11,O000159,107
1974,William,Owens,REPRESENTATIVE,D,NY,21,O000169,113
885,Michael,Oxley,REPRESENTATIVE,R,OH,4,O000163,107
886,Ron,Packard,REPRESENTATIVE,R,CA,48,P000005,106
2035,Steven,Palazzo,REPRESENTATIVE,R,MS,4,P000601,113
887,Frank,Pallone,REPRESENTATIVE,D,NJ,6,P000034,113
2221,Gary,Palmer,REPRESENTATIVE,R,AL,6,P000609,114
1509,Michael,Pappas,REPRESENTATIVE,R,NJ,12,P000049,105
889,Mike,Parker,REPRESENTATIVE,R,MS,4,P000066,105
1510,Bill,Pascrell,REPRESENTATIVE,D,NJ,9,P000096,113
893,Ed,Pastor,REPRESENTATIVE,D,AZ,7,P000099,113
2082,Rand,Paul,SENATOR,R,KY,,P000603,113
900,Ron,Paul,REPRESENTATIVE,R,TX,14,P000583,107
1930,Erik,Paulsen,REPRESENTATIVE,R,MN,3,P000594,113
901,Bill,Paxon,REPRESENTATIVE,R,NY,27,P000148,105
902,Donald,Payne,REPRESENTATIVE,D,NJ,10,P000149,107
2097,Donald,Payne,REPRESENTATIVE,D,NJ,10,P000604,113
1738,Stevan,Pearce,REPRESENTATIVE,R,NM,2,P000588,113
1511,Edward,Pease,REPRESENTATIVE,R,IN,7,P000171,106
905,Nancy,Pelosi,REPRESENTATIVE,D,CA,12,P000197,113
1649,Mike,Pence,REPRESENTATIVE,R,IN,2,P000587,107
2286,David,Perdue,SENATOR,R,GA,,P000612,114
1835,Ed,Perlmutter,REPRESENTATIVE,D,CO,7,P000593,113
1958,Thomas,Perriello,REPRESENTATIVE,D,VA,5,P000600,111
2157,Scott,Perry,REPRESENTATIVE,R,PA,4,P000605,113
2113,Scott,Peters,REPRESENTATIVE,D,CA,52,P000608,113
1929,Gary,Peters,REPRESENTATIVE,D,MI,14,P000595,113
910,Collin,Peterson,REPRESENTATIVE,D,MN,7,P000258,113
1512,John,Peterson,REPRESENTATIVE,R,PA,5,P000263,107
912,Thomas,Petri,REPRESENTATIVE,R,WI,6,P000265,113
1586,David,Phelps,REPRESENTATIVE,D,IL,19,P000584,107
1513,Charles,Pickering,REPRESENTATIVE,R,MS,3,P000323,107
916,Owen,Pickett,REPRESENTATIVE,D,VA,2,P000326,106
1927,Chellie,Pingree,REPRESENTATIVE,D,ME,1,P000597,113
2141,Robert,Pittenger,REPRESENTATIVE,R,NC,9,P000606,113
1514,Joseph,Pitts,REPRESENTATIVE,R,PA,16,P000373,113
1667,Todd,Platts,REPRESENTATIVE,R,PA,19,P000585,107
2171,Mark,Pocan,REPRESENTATIVE,D,WI,2,P000607,113
1802,Ted,Poe,REPRESENTATIVE,R,TX,2,P000592,113
2247,Bruce,Poliquin,REPRESENTATIVE,R,ME,2,P000611,114
1910,Jared,Polis,REPRESENTATIVE,D,CO,2,P000598,113
921,Richard,Pombo,REPRESENTATIVE,R,CA,11,P000419,107
922,Earl,Pomeroy,REPRESENTATIVE,D,ND,0,P000422,107
2022,Mike,Pompeo,REPRESENTATIVE,R,KS,4,P000602,113
1739,Jon,Porter,REPRESENTATIVE,R,NV,3,P000589,110
923,John,Porter,REPRESENTATIVE,R,IL,10,P000444,106
924,Rob,Portman,SENATOR,R,OH,,P000449,113
1915,Bill,Posey,REPRESENTATIVE,R,FL,8,P000599,113
925,Glenn,Poshard,REPRESENTATIVE,D,IL,19,P000452,105
1778,Tom,Price,REPRESENTATIVE,R,GA,6,P000591,113
930,David,Price,REPRESENTATIVE,D,NC,4,P000523,113
933,Deborah,Pryce,REPRESENTATIVE,R,OH,15,P000555,107
1701,Mark,Pryor,SENATOR,D,AR,,P000590,113
1645,Adam,Putnam,REPRESENTATIVE,R,FL,12,P000586,107
1993,Benjamin,Quayle,REPRESENTATIVE,R,AZ,3,Q000024,112
1967,Mike,Quigley,REPRESENTATIVE,D,IL,5,Q000023,113
938,Jack,Quinn,REPRESENTATIVE,R,NY,30,Q000016,107
939,George,Radanovich,REPRESENTATIVE,R,CA,19,R000004,107
942,Jim,Ramstad,REPRESENTATIVE,R,MN,3,R000033,107
944,Charles,Rangel,REPRESENTATIVE,D,NY,13,R000053,113
2268,John,Ratcliffe,REPRESENTATIVE,R,TX,4,R000601,114
1515,Bill,Redmond,REPRESENTATIVE,R,NM,3,R000567,105
1982,Tom,Reed,REPRESENTATIVE,R,NY,23,R000585,114
949,Jack,Reed,SENATOR,D,RI,,R000122,113
951,Ralph,Regula,REPRESENTATIVE,R,OH,16,R000141,107
1657,Denny,Rehberg,REPRESENTATIVE,R,MT,0,R000571,107
1810,David,Reichert,REPRESENTATIVE,R,WA,8,R000578,113
952,Harry,Reid,SENATOR,D,NV,,R000146,113
2048,James,Renacci,REPRESENTATIVE,R,OH,16,R000586,113
1706,Rick,Renzi,REPRESENTATIVE,R,AZ,1,R000574,110
1516,Silvestre,Reyes,REPRESENTATIVE,D,TX,16,R000170,107
1587,Thomas,Reynolds,REPRESENTATIVE,R,NY,27,R000569,107
2073,Reid,Ribble,REPRESENTATIVE,R,WI,7,R000587,113
2262,Kathleen,Rice,REPRESENTATIVE,D,NY,4,R000602,114
2160,Tom,Rice,REPRESENTATIVE,R,SC,7,R000597,113
1883,Laura,Richardson,REPRESENTATIVE,D,CA,37,R000581,112
2023,Cedric,Richmond,REPRESENTATIVE,D,LA,2,R000588,113
2068,E.,Rigell,REPRESENTATIVE,R,VA,2,R000589,113
962,Frank,Riggs,REPRESENTATIVE,R,CA,1,R000252,105
1517,Bob,Riley,REPRESENTATIVE,R,AL,3,R000258,107
1896,James,Risch,SENATOR,R,ID,,R000584,113
2007,David,Rivera,REPRESENTATIVE,R,FL,25,R000590,112
966,Lynn,Rivers,REPRESENTATIVE,D,MI,13,R000281,107
1423,Charles,Robb,SENATOR,D,VA,,R000295,106
968,Pat,Roberts,SENATOR,R,KS,,R000307,113
1986,Martha,Roby,REPRESENTATIVE,R,AL,2,R000591,113
1518,Ciro,Rodriguez,REPRESENTATIVE,D,TX,28,R000568,107
1954,David,Roe,REPRESENTATIVE,R,TN,1,R000582,113
976,Tim,Roemer,REPRESENTATIVE,D,IN,3,R000385,107
1519,James,Rogan,REPRESENTATIVE,R,CA,27,R000386,106
977,Harold,Rogers,REPRESENTATIVE,R,KY,5,R000395,113
1704,Mike,Rogers,REPRESENTATIVE,R,AL,3,R000575,113
1651,Mike,Rogers,REPRESENTATIVE,R,MI,8,R000572,113
979,Dana,Rohrabacher,REPRESENTATIVE,R,CA,48,R000409,113
2017,Todd,Rokita,REPRESENTATIVE,R,IN,4,R000592,113
1916,Thomas,Rooney,REPRESENTATIVE,R,FL,17,R000583,113
985,Ileana,Ros-Lehtinen,REPRESENTATIVE,R,FL,27,R000435,113
1848,Peter,Roskam,REPRESENTATIVE,R,IL,6,R000580,113
2003,Dennis,Ross,REPRESENTATIVE,R,FL,15,R000593,113
1632,Mike,Ross,REPRESENTATIVE,D,AR,4,R000573,107
1425,William,Roth Jr.,SENATOR,R,DE,,R000460,106
2158,Keith,Rothfus,REPRESENTATIVE,R,PA,12,R000598,113
1520,Steven,Rothman,REPRESENTATIVE,D,NJ,9,R000462,107
990,Marge,Roukema,REPRESENTATIVE,R,NJ,5,R000465,107
2288,Mike,Rounds,SENATOR,R,SD,,R000605,114
2256,David,Rouzer,REPRESENTATIVE,R,NC,7,R000603,114
997,Lucille,Roybal-Allard,REPRESENTATIVE,D,CA,40,R000486,113
998,Edward,Royce,REPRESENTATIVE,R,CA,39,R000487,113
2084,Marco,Rubio,SENATOR,R,FL,,R000595,113
2109,Raul,Ruiz,REPRESENTATIVE,D,CA,36,R000599,113
2039,Jon,Runyan,REPRESENTATIVE,R,NJ,3,R000594,113
1728,C.,Ruppersberger,REPRESENTATIVE,D,MD,2,R000576,113
1003,Bobby,Rush,REPRESENTATIVE,D,IL,1,R000515,113
2265,Steve,Russell,REPRESENTATIVE,R,OK,5,R000604,114
1756,Tim,Ryan,REPRESENTATIVE,D,OH,13,R000577,113
1560,Paul,Ryan,REPRESENTATIVE,R,WI,1,R000570,113
1521,Jim,Ryun,REPRESENTATIVE,R,KS,2,R000566,107
1007,Martin,Sabo,REPRESENTATIVE,D,MN,5,S000005,107
1762,Ken,Salazar,SENATOR,D,CO,,S001163,110
1775,John,Salazar,REPRESENTATIVE,D,CO,3,S001158,110
1847,Bill,Sali,REPRESENTATIVE,R,ID,1,S001167,110
1009,Matt,Salmon,REPRESENTATIVE,R,AZ,5,S000018,113
1757,Linda,Sanchez,REPRESENTATIVE,D,CA,38,S001156,113
1522,Loretta,Sanchez,REPRESENTATIVE,D,CA,46,S000030,113
1010,Bernard,Sanders,SENATOR,I,VT,,S000033,113
1523,Max,Sandlin,REPRESENTATIVE,D,TX,1,S000044,107
1012,Mark,Sanford,REPRESENTATIVE,R,SC,1,S000051,113
1015,Rick,Santorum,SENATOR,R,PA,,S000059,107
1854,John,Sarbanes,REPRESENTATIVE,D,MD,3,S001168,113
1017,Paul,Sarbanes,SENATOR,D,MD,,S000064,107
2289,Ben,Sasse,SENATOR,R,NE,,S001197,114
1022,Tom,Sawyer,REPRESENTATIVE,D,OH,14,S000094,107
1023,Jim,Saxton,REPRESENTATIVE,R,NJ,3,S000097,107
1892,Steve,Scalise,REPRESENTATIVE,R,LA,1,S001176,113
1025,Joe,Scarborough,REPRESENTATIVE,R,FL,1,S000106,106
1026,Dan,Schaefer,REPRESENTATIVE,R,CO,6,S000109,105
1524,Bob,Schaffer,REPRESENTATIVE,R,CO,4,S000112,107
1588,Janice,Schakowsky,REPRESENTATIVE,D,IL,9,S001145,113
2173,Brian,Schatz,SENATOR,D,HI,,S001194,113
1928,Mark,Schauer,REPRESENTATIVE,D,MI,7,S001178,111
1635,Adam,Schiff,REPRESENTATIVE,D,CA,28,S001150,113
1030,Steven,Schiff,REPRESENTATIVE,R,NM,1,S000125,105
2016,Robert,Schilling,REPRESENTATIVE,R,IL,17,S001182,112
1815,Jean,Schmidt,REPRESENTATIVE,R,OH,2,S001164,112
2124,Bradley,Schneider,REPRESENTATIVE,D,IL,10,S001190,113
1920,Aaron,Schock,REPRESENTATIVE,R,IL,18,S001179,113
1950,Kurt,Schrader,REPRESENTATIVE,D,OR,5,S001180,113
1673,Edward,Schrock,REPRESENTATIVE,R,VA,2,S001151,107
1036,Charles,Schumer,SENATOR,D,NY,,S000148,113
1798,Allyson,Schwartz,REPRESENTATIVE,D,PA,13,S001162,113
1788,John,Schwarz,REPRESENTATIVE,R,MI,7,S001161,109
1994,David,Schweikert,REPRESENTATIVE,R,AZ,6,S001183,113
1037,Robert,Scott,REPRESENTATIVE,D,VA,3,S000185,107
2009,Austin,Scott,REPRESENTATIVE,R,GA,8,S001189,113
2056,Tim,Scott,SENATOR,R,SC,,S001184,113
1722,David,Scott,REPRESENTATIVE,D,GA,13,S001157,113
1041,F.,Sensenbrenner,REPRESENTATIVE,R,WI,5,S000244,113
1042,Jose,Serrano,REPRESENTATIVE,D,NY,15,S000248,113
1525,Pete,Sessions,REPRESENTATIVE,R,TX,32,S000250,113
1548,Jeff,Sessions,SENATOR,R,AL,,S001141,113
1874,Joe,Sestak,REPRESENTATIVE,D,PA,7,S001169,110
1988,Terri,Sewell,REPRESENTATIVE,D,AL,7,S001185,113
1043,John,Shadegg,REPRESENTATIVE,R,AZ,4,S000275,107
1901,Jeanne,Shaheen,SENATOR,D,NH,,S001181,113
1047,E.,Shaw,REPRESENTATIVE,R,FL,22,S000303,107
1048,Christopher,Shays,REPRESENTATIVE,R,CT,4,S001144,107
1861,Carol,Shea-Porter,REPRESENTATIVE,D,NH,1,S001170,113
1049,Richard,Shelby,SENATOR,R,AL,,S000320,113
1526,Brad,Sherman,REPRESENTATIVE,D,CA,30,S000344,113
1589,Don,Sherwood,REPRESENTATIVE,R,PA,10,S001146,107
1527,John,Shimkus,REPRESENTATIVE,R,IL,15,S000364,113
1565,Ronnie,Shows,REPRESENTATIVE,D,MS,4,S001147,107
1859,Heath,Shuler,REPRESENTATIVE,D,NC,11,S001171,112
1055,Bud,Shuster,REPRESENTATIVE,R,PA,9,S000394,106
1681,Bill,Shuster,REPRESENTATIVE,R,PA,9,S001154,113
1642,Rob,Simmons,REPRESENTATIVE,R,CT,2,S001152,107
1590,Michael,Simpson,REPRESENTATIVE,R,ID,2,S001148,113
2099,Kyrsten,Sinema,REPRESENTATIVE,D,AZ,9,S001191,113
1818,Albio,Sires,REPRESENTATIVE,D,NJ,8,S001165,113
1060,Norman,Sisisky,REPRESENTATIVE,D,VA,4,S000453,106
1062,David,Skaggs,REPRESENTATIVE,D,CO,2,S000462,105
1063,Joe,Skeen,REPRESENTATIVE,R,NM,2,S000463,107
1064,Ike,Skelton,REPRESENTATIVE,D,MO,4,S000465,107
1069,Louise,Slaughter,REPRESENTATIVE,D,NY,25,S000480,113
1860,Adrian,Smith,REPRESENTATIVE,R,NE,3,S001172,113
1075,Lamar,Smith,REPRESENTATIVE,R,TX,21,S000583,113
1071,Christopher,Smith,REPRESENTATIVE,R,NJ,4,S000522,113
2191,Jason,Smith,REPRESENTATIVE,R,MO,8,S001195,113
1528,Adam,Smith,REPRESENTATIVE,D,WA,9,S000510,113
1080,Nick,Smith,REPRESENTATIVE,R,MI,7,S000597,107
1549,Gordon,Smith,SENATOR,R,OR,,S001142,107
1083,Robert,Smith,REPRESENTATIVE,R,OR,2,S000607,105
1078,Linda,Smith,REPRESENTATIVE,R,WA,3,S000587,105
1082,Bob,Smith,SENATOR,R,NH,,S000606,107
1529,Vince,Snowbarger,REPRESENTATIVE,R,KS,3,S000662,105
1085,Olympia,Snowe,SENATOR,R,ME,,S000663,107
1530,Vic,Snyder,REPRESENTATIVE,D,AR,2,S000672,107
1783,Michael,Sodrel,REPRESENTATIVE,R,IN,9,S001160,109
1636,Hilda,Solis,REPRESENTATIVE,D,CA,31,S001153,107
1088,Gerald,Solomon,REPRESENTATIVE,R,NY,22,S000675,105
1089,Mark,Souder,REPRESENTATIVE,R,IN,4,S001143,107
1871,Zachary,Space,REPRESENTATIVE,D,OH,18,S001173,110
1437,Arlen,Specter,SENATOR,R,PA,,S000709,107
1890,Jackie,Speier,REPRESENTATIVE,D,CA,14,S001175,113
1091,Floyd,Spence,REPRESENTATIVE,R,SC,2,S000718,106
1092,John,Spratt,REPRESENTATIVE,D,SC,5,S000749,107
1531,Debbie,Stabenow,SENATOR,D,MI,,S000770,113
1101,Fortney,Stark,REPRESENTATIVE,D,CA,13,S000810,107
1103,Cliff,Stearns,REPRESENTATIVE,R,FL,6,S000822,107
2263,Elise,Stefanik,REPRESENTATIVE,R,NY,21,S001196,114
1110,Charles,Stenholm,REPRESENTATIVE,D,TX,17,S000851,107
1440,Ted,Stevens,SENATOR,R,AK,,S000888,107
2168,Chris,Stewart,REPRESENTATIVE,R,UT,2,S001192,113
2047,Steve,Stivers,REPRESENTATIVE,R,OH,15,S001187,113
1114,Steve,Stockman,REPRESENTATIVE,R,TX,36,S000937,113
1115,Louis,Stokes,REPRESENTATIVE,D,OH,11,S000948,105
1118,Ted,Strickland,REPRESENTATIVE,D,OH,6,S001004,107
1122,Bob,Stump,REPRESENTATIVE,R,AZ,3,S001044,107
1123,Bart,Stupak,REPRESENTATIVE,D,MI,1,S001045,107
1981,Marlin,Stutzman,REPRESENTATIVE,R,IN,3,S001188,113
2290,Dan,Sullivan,SENATOR,R,AK,,S001198,114
1689,John,Sullivan,REPRESENTATIVE,R,OK,1,S001155,107
1532,John,Sununu,REPRESENTATIVE,R,NH,1,S001078,107
1870,Betty,Sutton,REPRESENTATIVE,D,OH,13,S001174,112
2104,Eric,Swalwell,REPRESENTATIVE,D,CA,15,S001193,113
1591,John,Sweeney,REPRESENTATIVE,R,NY,22,S001149,106
2240,Mark,Takai,REPRESENTATIVE,D,HI,1,T000473,114
2110,Mark,Takano,REPRESENTATIVE,D,CA,41,T000472,113
1135,Jim,Talent,REPRESENTATIVE,R,MO,2,T000024,106
1592,Thomas,Tancredo,REPRESENTATIVE,R,CO,6,T000458,107
1137,John,Tanner,REPRESENTATIVE,D,TN,8,T000038,107
1533,Ellen,Tauscher,REPRESENTATIVE,D,CA,10,T000057,107
1140,W.,Tauzin,REPRESENTATIVE,R,LA,3,T000058,107
1142,Gene,Taylor,REPRESENTATIVE,D,MS,5,T000074,107
1141,Charles,Taylor,REPRESENTATIVE,R,NC,11,T000067,107
1938,Harry,Teague,REPRESENTATIVE,D,NM,2,T000466,111
1566,Lee,Terry,REPRESENTATIVE,R,NE,2,T000459,113
1829,Jon,Tester,SENATOR,D,MT,,T000464,113
1148,William,Thomas,REPRESENTATIVE,R,CA,21,T000188,107
1149,Craig,Thomas,SENATOR,R,WY,,T000162,107
1952,Glenn,Thompson,REPRESENTATIVE,R,PA,5,T000467,113
1593,Mike,Thompson,REPRESENTATIVE,D,CA,5,T000460,113
1151,Bennie,Thompson,REPRESENTATIVE,D,MS,2,T000193,113
1447,Fred,Thompson,SENATOR,R,TN,,T000457,107
1155,Mac,Thornberry,REPRESENTATIVE,R,TX,13,T000238,113
1534,John,Thune,SENATOR,R,SD,,T000250,113
1157,Karen,Thurman,REPRESENTATIVE,D,FL,5,T000253,107
1448,Strom,Thurmond,SENATOR,R,SC,,T000254,107
1158,Todd,Tiahrt,REPRESENTATIVE,R,KS,4,T000260,107
1664,Patrick,Tiberi,REPRESENTATIVE,R,OH,12,T000462,113
1535,John,Tierney,REPRESENTATIVE,D,MA,6,T000266,113
2291,Thom,Tillis,SENATOR,R,NC,,T000476,114
1997,Scott,Tipton,REPRESENTATIVE,R,CO,3,T000470,113
1940,Dina,Titus,REPRESENTATIVE,D,NV,1,T000468,113
1942,Paul,Tonko,REPRESENTATIVE,D,NY,20,T000469,113
1594,Patrick,Toomey,SENATOR,R,PA,,T000461,113
2085,Pat,Toomey,REPRESENTATIVE,R,PA,15,T000461,106
2231,Norma,Torres,REPRESENTATIVE,D,CA,35,T000474,114
1162,Estaban,Torres,REPRESENTATIVE,D,CA,34,T000316,105
1163,Robert,Torricelli,SENATOR,D,NJ,,T000317,107
1165,Edolphus,Towns,REPRESENTATIVE,D,NY,10,T000326,107
1166,James,Traficant,REPRESENTATIVE,D,OH,17,T000350,107
2250,David,Trott,REPRESENTATIVE,R,MI,11,T000475,114
1884,Niki,Tsongas,REPRESENTATIVE,D,MA,3,T000465,113
1741,Michael,Turner,REPRESENTATIVE,R,OH,10,T000463,113
2091,Robert,Turner,REPRESENTATIVE,R,NY,9,T000471,112
1536,Jim,Turner,REPRESENTATIVE,D,TX,2,T000424,107
1567,Tom,Udall,SENATOR,D,NM,,U000039,113
1595,Mark,Udall,SENATOR,D,CO,,U000038,113
1177,Fred,Upton,REPRESENTATIVE,R,MI,6,U000031,113
2105,David,Valadao,REPRESENTATIVE,R,CA,21,V000129,113
1729,Chris,Van Hollen,REPRESENTATIVE,D,MD,8,V000128,113
2112,Juan,Vargas,REPRESENTATIVE,D,CA,51,V000130,113
2166,Marc,Veasey,REPRESENTATIVE,D,TX,33,V000131,113
2167,Filemon,Vela,REPRESENTATIVE,D,TX,34,V000132,113
1184,Nydia,Velazquez,REPRESENTATIVE,D,NY,7,V000081,113
1185,Bruce,Vento,REPRESENTATIVE,D,MN,4,V000087,106
1188,Peter,Visclosky,REPRESENTATIVE,D,IN,1,V000108,113
1609,David,Vitter,SENATOR,R,LA,,V000127,113
1575,George,Voinovich,SENATOR,R,OH,,V000126,107
2137,Ann,Wagner,REPRESENTATIVE,R,MO,2,W000812,113
1855,Tim,Walberg,REPRESENTATIVE,R,MI,7,W000798,113
1596,Greg,Walden,REPRESENTATIVE,R,OR,2,W000791,113
2255,Mark,Walker,REPRESENTATIVE,R,NC,6,W000819,114
2128,Jackie,Walorski,REPRESENTATIVE,R,IN,2,W000813,113
1197,James,Walsh,REPRESENTATIVE,R,NY,25,W000099,107
2012,Joe,Walsh,REPRESENTATIVE,R,IL,8,W000811,112
2198,John,Walsh,SENATOR,D,MT,,W000818,113
2232,Mimi,Walters,REPRESENTATIVE,R,CA,45,W000820,114
1856,Timothy,Walz,REPRESENTATIVE,D,MN,1,W000799,113
1199,Zach,Wamp,REPRESENTATIVE,R,TN,3,W000119,107
1452,John,Warner,SENATOR,R,VA,,W000154,107
1897,Mark,Warner,SENATOR,D,VA,,W000805,113
2182,Elizabeth,Warren,SENATOR,D,MA,,W000817,113
1777,Debbie,Wasserman Schultz,REPRESENTATIVE,D,FL,23,W000797,113
1205,Maxine,Waters,REPRESENTATIVE,D,CA,43,W000187,113
1206,Wes,Watkins,REPRESENTATIVE,R,OK,3,W000194,107
1682,Diane,Watson,REPRESENTATIVE,D,CA,32,W000794,107
2259,Bonnie,Watson Coleman,REPRESENTATIVE,D,NJ,12,W000822,114
1207,Melvin,Watt,REPRESENTATIVE,D,NC,12,W000207,107
1208,J.,Watts,REPRESENTATIVE,R,OK,4,W000210,107
1209,Henry,Waxman,REPRESENTATIVE,D,CA,33,W000215,113
1822,Jim,Webb,SENATOR,D,VA,,W000803,112
2161,Randy,Weber,REPRESENTATIVE,R,TX,14,W000814,113
2002,Daniel,Webster,REPRESENTATIVE,R,FL,10,W000806,113
1597,Anthony,Weiner,REPRESENTATIVE,D,NY,9,W000792,107
1879,Peter,Welch,REPRESENTATIVE,D,VT,0,W000800,113
1214,Curt,Weldon,REPRESENTATIVE,R,PA,7,W000268,107
1215,Dave,Weldon,REPRESENTATIVE,R,FL,15,W000267,107
1216,Jerry,Weller,REPRESENTATIVE,R,IL,11,W000273,107
1454,Paul,Wellstone,SENATOR,D,MN,,W000288,107
2152,Brad,Wenstrup,REPRESENTATIVE,R,OH,2,W000815,113
2005,Allen,West,REPRESENTATIVE,R,FL,22,W000807,112
2224,Bruce,Westerman,REPRESENTATIVE,R,AR,4,W000821,114
1779,Lynn,Westmoreland,REPRESENTATIVE,R,GA,3,W000796,113
1537,Robert,Wexler,REPRESENTATIVE,D,FL,19,W000314,107
1538,Robert,Weygand,REPRESENTATIVE,D,RI,2,W000315,106
1220,Rick,White,REPRESENTATIVE,R,WA,1,W000391,105
1823,Sheldon,Whitehouse,SENATOR,D,RI,,W000802,113
1222,Ed,Whitfield,REPRESENTATIVE,R,KY,1,W000413,113
1226,Roger,Wicker,SENATOR,R,MS,,W000437,113
2165,Roger,Williams,REPRESENTATIVE,R,TX,25,W000816,113
2004,Frederica,Wilson,REPRESENTATIVE,D,FL,24,W000808,113
1539,Heather,Wilson,REPRESENTATIVE,R,NM,1,W000789,107
1688,Joe,Wilson,REPRESENTATIVE,R,SC,2,W000795,113
1869,Charles,Wilson,REPRESENTATIVE,D,OH,6,W000801,110
1237,Robert,Wise,REPRESENTATIVE,D,WV,2,W000654,106
1886,Robert,Wittman,REPRESENTATIVE,R,VA,1,W000804,113
1238,Frank,Wolf,REPRESENTATIVE,R,VA,10,W000672,113
1991,Steve,Womack,REPRESENTATIVE,R,AR,3,W000809,113
2008,Rob,Woodall,REPRESENTATIVE,R,GA,7,W000810,113
1242,Lynn,Woolsey,REPRESENTATIVE,D,CA,6,W000738,107
1598,David,Wu,REPRESENTATIVE,D,OR,1,W000793,107
1247,Ron,Wyden,SENATOR,D,OR,,W000779,113
1251,Albert,Wynn,REPRESENTATIVE,D,MD,4,W000784,107
1853,John,Yarmuth,REPRESENTATIVE,D,KY,3,Y000062,113
1252,Sidney,Yates,REPRESENTATIVE,D,IL,9,Y000013,105
2021,Kevin,Yoder,REPRESENTATIVE,R,KS,3,Y000063,113
2115,Ted,Yoho,REPRESENTATIVE,R,FL,3,Y000065,113
1255,C.,Young,REPRESENTATIVE,R,FL,10,Y000031,107
2242,David,Young,REPRESENTATIVE,R,IA,3,Y000066,114
1256,Don,Young,REPRESENTATIVE,R,AK,0,Y000033,113
2019,Todd,Young,REPRESENTATIVE,R,IN,9,Y000064,113
2261,Lee,Zeldin,REPRESENTATIVE,R,NY,1,Z000017,114
2254,Ryan,Zinke,REPRESENTATIVE,R,MT,0,Z000018,114
